Approval,Debt-to-Income Ratio,FICO Score,Request Amount,Interest
T,0.21,675,6000,2700
F,0.15,666,33000,14850
T,0.1,700,3000,1350
F,0.22,650,23000,10350
T,0.21,681,5000,2250
T,0.22,710,15000,6750
F,0.03,635,1000,450
F,0.03,666,3000,1350
T,0.22,681,25000,11250
T,0.15,669,10000,4500
T,0.11,713,10000,4500
T,0.05,667,37000,16650
F,0.1,652,10000,4500
T,0.04,678,4000,1800
F,0.31,707,15000,6750
T,0.07,717,5000,2250
F,0.33,697,35000,15750
T,0.15,678,2000,900
F,0.09,527,2000,900
T,0.1,770,25000,11250
T,0.16,705,1000,450
T,0.13,667,25000,11250
F,0.45,700,19000,8550
F,0.26,445,4000,1800
T,0.03,706,19000,8550
T,0.06,719,9000,4050
T,0.07,737,10000,4500
T,0.29,694,19000,8550
T,0.13,727,16000,7200
T,0.15,674,12000,5400
T,0.08,675,7000,3150
T,0.16,706,28000,12600
F,0.03,646,33000,14850
F,0.71,555,4000,1800
T,0.34,696,9000,4050
F,0.04,668,1000,450
T,0.06,771,6000,2700
F,0.37,701,27000,12150
F,0.17,680,28000,12600
F,0.17,730,16000,7200
T,0.18,773,4000,1800
T,0.02,732,21000,9450
T,0.13,740,22000,9900
F,0.62,749,12000,5400
T,0.12,670,8000,3600
T,0.08,772,8000,3600
F,0.38,684,8000,3600
T,0.21,676,13000,5850
T,0.12,724,13000,5850
T,0.24,711,12000,5400
T,0.06,713,17000,7650
T,0.09,677,9000,4050
T,0.21,698,4000,1800
T,0.3,715,10000,4500
T,0.08,759,12000,5400
F,0.1,651,35000,15750
T,0.2,688,8000,3600
F,0.21,758,24000,10800
T,0.2,787,15000,6750
F,0.11,645,22000,9900
T,0.2,666,31000,13950
T,0.08,675,5000,2250
F,0.27,685,12000,5400
T,0.23,733,14000,6300
F,0.22,791,11000,4950
T,0.06,696,1000,450
T,0.01,664,2000,900
T,0.08,734,8000,3600
T,0.18,688,19000,8550
F,0.26,587,12000,5400
T,0.02,781,10000,4500
F,0.15,412,500,225
T,0.19,706,11000,4950
F,0.39,463,3000,1350
F,0.17,603,5000,2250
T,0.14,718,3000,1350
F,0.12,503,2000,900
F,0.15,582,2000,900
T,0.09,678,8000,3600
T,0.2,665,17000,7650
F,0.15,547,3000,1350
F,0.05,718,6000,2700
T,0.16,687,37000,16650
T,0.06,682,8000,3600
T,0.28,681,7000,3150
T,0.02,672,10000,4500
F,0.04,664,10000,4500
F,0.22,680,5000,2250
T,0.17,692,1000,450
F,0.45,598,2000,900
F,0.1,621,7000,3150
F,0.15,637,20000,9000
F,0.39,702,6000,2700
F,0.1,727,28000,12600
T,0.31,672,12000,5400
T,0.15,747,15000,6750
F,0.29,491,28000,12600
T,0.14,684,12000,5400
T,0.15,682,11000,4950
F,0.05,784,25000,11250
F,0.15,643,6000,2700
T,0.08,684,13000,5850
T,0.03,665,12000,5400
F,0.02,584,4000,1800
F,0.05,682,18000,8100
F,0.02,635,2000,900
F,0.02,617,3000,1350
T,0.28,685,18000,8100
T,0.09,722,21000,9450
F,0.08,702,20000,9000
T,0.3,674,2000,900
F,0.4,650,6000,2700
T,0.24,701,27000,12150
T,0.04,763,10000,4500
T,0.11,700,34000,15300
T,0.11,780,10000,4500
T,0.14,696,4000,1800
T,0.06,722,26000,11700
F,0.39,707,25000,11250
F,0.01,585,30000,13500
T,0.11,735,15000,6750
F,0.32,648,500,225
T,0.09,719,4000,1800
T,0.11,668,10000,4500
T,0.23,704,2000,900
F,0.07,717,10000,4500
F,0.07,534,3000,1350
F,0.15,498,9000,4050
T,0.09,674,20000,9000
F,0.21,623,1000,450
F,0.07,577,17000,7650
T,0.14,750,27000,12150
F,0.08,653,34000,15300
T,0.07,777,8000,3600
F,0.17,551,3000,1350
F,0.27,700,11000,4950
T,0.01,676,4000,1800
T,0.14,710,6000,2700
T,0.02,810,25000,11250
F,0.24,723,11000,4950
T,0.17,719,3000,1350
T,0.09,762,17000,7650
F,0.3,684,14000,6300
F,0.25,603,25000,11250
T,0.18,730,24000,10800
F,0.01,758,13000,5850
T,0.17,790,12000,5400
F,0.62,536,4000,1800
T,0.18,750,26000,11700
T,0.1,719,11000,4950
F,0.34,530,6000,2700
F,0.38,732,36000,16200
T,0.2,683,11000,4950
T,0.19,690,13000,5850
T,0.17,663,18000,8100
T,0.08,761,20000,9000
F,0.21,635,6000,2700
T,0.13,702,11000,4950
F,0.2,635,5000,2250
F,0.52,655,35000,15750
T,0.08,667,29000,13050
F,0.16,500,21000,9450
T,0.3,697,10000,4500
T,0.2,702,12000,5400
F,0,624,36000,16200
F,0.03,525,6000,2700
F,0.41,716,28000,12600
T,0.13,674,14000,6300
T,0.16,700,9000,4050
T,0.08,807,3000,1350
F,0.13,668,27000,12150
F,0.03,506,1000,450
F,0.08,545,10000,4500
F,0.36,662,20000,9000
T,0.02,723,500,225
F,0.08,724,34000,15300
F,0.13,655,1000,450
F,0.17,656,9000,4050
T,0.1,697,16000,7200
F,0.19,588,16000,7200
T,0.12,716,7000,3150
T,0.12,748,7000,3150
T,0.23,708,19000,8550
T,0.2,694,19000,8550
T,0.01,695,4000,1800
T,0.14,659,15000,6750
T,0.18,740,21000,9450
T,0.02,743,10000,4500
T,0.04,734,10000,4500
T,0.17,699,11000,4950
T,0.3,714,9000,4050
T,0.1,735,11000,4950
F,0.11,711,11000,4950
F,0.54,643,16000,7200
T,0.11,744,11000,4950
T,0.14,713,25000,11250
T,0.22,709,16000,7200
F,0.01,641,18000,8100
F,0.01,635,2000,900
F,0.36,653,8000,3600
T,0.18,693,5000,2250
F,0.22,685,16000,7200
F,0.11,638,8000,3600
T,0.12,658,500,225
T,0.16,691,4000,1800
F,0.08,650,5000,2250
F,0.07,622,2000,900
T,0.03,691,5000,2250
T,0.07,733,2000,900
F,0.01,477,3000,1350
T,0.27,716,13000,5850
T,0.23,721,24000,10800
T,0.12,699,6000,2700
T,0.09,692,16000,7200
F,0.43,713,18000,8100
T,0.11,649,14000,6300
T,0.12,716,29000,13050
F,0.12,652,21000,9450
T,0.13,749,16000,7200
T,0.26,673,13000,5850
T,0.17,718,6000,2700
T,0.19,715,7000,3150
F,0.21,606,5000,2250
T,0.06,765,20000,9000
T,0.2,751,4000,1800
F,0.18,687,17000,7650
T,0.21,728,10000,4500
T,0.17,672,5000,2250
F,0.04,664,22000,9900
T,0.06,672,26000,11700
T,0.19,776,5000,2250
F,0.17,623,15000,6750
F,0.17,648,5000,2250
F,0.21,528,27000,12150
F,0.42,569,4000,1800
F,0.25,649,13000,5850
F,0.02,474,4000,1800
F,0.09,699,2000,900
F,0.61,706,9000,4050
T,0.15,699,18000,8100
F,0.24,666,30000,13500
F,0.56,666,35000,15750
T,0.02,700,11000,4950
T,0.26,700,12000,5400
F,0.04,582,3000,1350
F,0.18,706,22000,9900
T,0.22,681,13000,5850
T,0.19,712,13000,5850
T,0.1,743,8000,3600
F,0.19,628,23000,10350
T,0.23,708,23000,10350
F,0.11,499,3000,1350
T,0.23,705,16000,7200
T,0.32,772,26000,11700
F,0.33,710,13000,5850
F,0.35,538,3000,1350
F,0.25,660,33000,14850
T,0.14,687,10000,4500
T,0.16,730,19000,8550
T,0.14,679,7000,3150
T,0.19,694,28000,12600
T,0.11,672,2000,900
F,0.42,746,17000,7650
F,0.12,813,20000,9000
T,0.18,666,1000,450
F,0.02,514,34000,15300
T,0.21,699,35000,15750
F,0.24,644,19000,8550
F,0.24,614,9000,4050
T,0.26,657,13000,5850
F,0.46,725,23000,10350
T,0.19,722,10000,4500
F,0.33,689,12000,5400
F,0.06,634,23000,10350
T,0.14,671,32000,14400
F,0.06,696,20000,9000
F,0.12,697,11000,4950
F,0.29,630,31000,13950
F,0.45,549,5000,2250
F,0.4,654,6000,2700
F,0.19,639,8000,3600
F,0.28,725,27000,12150
T,0.14,674,19000,8550
F,0.08,687,14000,6300
T,0.07,814,16000,7200
T,0.04,693,10000,4500
F,0.34,627,4000,1800
T,0.1,724,25000,11250
T,0.08,730,11000,4950
T,0.11,686,2000,900
T,0.05,730,9000,4050
F,0.08,472,8000,3600
T,0.13,713,9000,4050
F,0.37,706,36000,16200
F,0.19,593,4000,1800
T,0.13,744,7000,3150
T,0.08,681,6000,2700
T,0.18,676,14000,6300
F,0.11,706,9000,4050
F,0.04,587,5000,2250
F,0.08,508,2000,900
T,0.2,713,28000,12600
T,0.07,729,23000,10350
F,0.39,486,9000,4050
F,0.12,680,29000,13050
F,0.24,594,30000,13500
T,0.22,689,16000,7200
F,0.35,454,7000,3150
T,0.05,758,15000,6750
T,0.13,709,19000,8550
T,0.2,697,9000,4050
F,0.06,586,18000,8100
F,0.13,797,18000,8100
T,0.23,660,10000,4500
T,0.23,708,9000,4050
T,0.13,698,8000,3600
T,0.1,738,25000,11250
F,0.52,683,26000,11700
F,0.1,627,14000,6300
T,0.09,707,11000,4950
T,0.12,730,18000,8100
T,0.03,737,9000,4050
F,0.23,739,38000,17100
F,0.17,573,18000,8100
T,0.09,703,14000,6300
F,0.1,609,4000,1800
F,0.22,614,5000,2250
T,0.19,719,9000,4050
T,0.33,682,16000,7200
T,0.21,667,26000,11700
T,0.17,750,18000,8100
T,0.06,694,23000,10350
T,0.11,680,9000,4050
T,0.1,720,7000,3150
F,0.07,716,25000,11250
F,0,578,6000,2700
T,0.18,692,16000,7200
T,0.03,718,10000,4500
F,0.26,642,5000,2250
T,0.24,672,10000,4500
T,0.08,725,23000,10350
F,0.32,694,12000,5400
T,0.1,672,8000,3600
T,0.27,689,28000,12600
T,0.18,726,10000,4500
T,0.19,699,26000,11700
T,0.28,725,25000,11250
F,0.17,745,4000,1800
F,0.21,543,8000,3600
F,0.3,744,29000,13050
F,0.27,685,13000,5850
T,0.1,742,19000,8550
T,0.23,673,12000,5400
T,0.26,732,20000,9000
F,0.04,692,3000,1350
T,0.22,716,7000,3150
F,0.03,629,1000,450
F,0.01,768,16000,7200
T,0.22,702,12000,5400
T,0.08,687,7000,3150
F,0.19,564,3000,1350
T,0.21,683,9000,4050
F,0.24,713,22000,9900
T,0.01,781,34000,15300
T,0.24,795,8000,3600
T,0.2,678,19000,8550
F,0.34,462,3000,1350
T,0.05,729,2000,900
T,0.06,717,13000,5850
T,0.09,713,10000,4500
F,0.32,492,1000,450
F,0.21,696,19000,8550
T,0.1,691,11000,4950
F,0.58,642,1000,450
T,0.09,743,14000,6300
T,0.16,763,9000,4050
T,0.07,749,1000,450
F,0.28,669,22000,9900
F,0.62,735,17000,7650
F,0.07,681,30000,13500
F,0.34,701,27000,12150
F,0.32,716,3000,1350
F,0.1,642,41000,18450
F,0.2,606,36000,16200
F,0.51,623,10000,4500
T,0.1,672,5000,2250
T,0.25,673,12000,5400
T,0.14,723,31000,13950
T,0.09,830,16000,7200
F,0.27,664,2000,900
F,0.17,625,4000,1800
T,0.06,740,24000,10800
F,0.27,512,3000,1350
F,0.07,604,3000,1350
F,0.21,673,13000,5850
T,0.21,665,13000,5850
T,0.21,671,13000,5850
T,0.2,719,5000,2250
T,0.05,692,7000,3150
T,0.19,712,8000,3600
F,0.17,688,6000,2700
F,0.1,588,1000,450
F,0.14,673,34000,15300
F,0.16,642,35000,15750
T,0.17,765,19000,8550
T,0.13,757,5000,2250
T,0.12,701,6000,2700
F,0.13,641,5000,2250
T,0.26,704,11000,4950
T,0.15,761,12000,5400
T,0.29,679,4000,1800
F,0.05,642,4000,1800
F,0.3,597,7000,3150
T,0.18,702,13000,5850
T,0.19,700,9000,4050
T,0.23,712,6000,2700
F,0.13,695,15000,6750
T,0.09,753,25000,11250
T,0.08,753,4000,1800
F,0.16,660,21000,9450
T,0.15,719,18000,8100
T,0.23,730,15000,6750
F,0.31,712,37000,16650
F,0.23,692,8000,3600
F,0.27,702,9000,4050
T,0.16,725,3000,1350
T,0.2,714,16000,7200
F,0.02,528,14000,6300
F,0.06,781,25000,11250
F,0.19,673,10000,4500
F,0.12,460,2000,900
T,0.11,689,4000,1800
F,0.01,526,13000,5850
T,0.19,687,16000,7200
T,0.23,707,11000,4950
T,0.21,680,13000,5850
T,0.2,753,10000,4500
T,0.15,692,23000,10350
F,0.47,663,14000,6300
F,0.01,552,12000,5400
F,0.15,719,34000,15300
F,0.14,751,22000,9900
F,0.26,632,13000,5850
T,0,831,3000,1350
T,0.15,703,1000,450
F,0.37,694,21000,9450
T,0.04,814,26000,11700
F,0.23,575,3000,1350
F,0.25,631,14000,6300
F,0.4,621,11000,4950
F,0.74,643,3000,1350
T,0.16,676,11000,4950
F,0.15,678,18000,8100
F,0.22,617,19000,8550
F,0.05,589,3000,1350
T,0.11,689,11000,4950
F,0.32,511,3000,1350
F,0.05,646,7000,3150
F,0.05,567,7000,3150
F,0.39,734,30000,13500
T,0.17,688,5000,2250
T,0.14,715,22000,9900
F,0.25,740,16000,7200
T,0.08,743,14000,6300
T,0.06,707,8000,3600
T,0.25,646,7000,3150
F,0.04,681,15000,6750
T,0.09,697,10000,4500
T,0.06,733,4000,1800
F,0.16,705,29000,13050
T,0.15,675,18000,8100
T,0.06,682,14000,6300
T,0.08,737,15000,6750
T,0.07,754,10000,4500
T,0.24,677,6000,2700
F,0.01,446,9000,4050
F,0.07,565,8000,3600
T,0.32,717,10000,4500
T,0,710,4000,1800
F,0.33,749,33000,14850
F,0.21,704,14000,6300
F,0.08,717,35000,15750
T,0.1,653,15000,6750
T,0.01,680,3000,1350
F,0.34,685,14000,6300
F,0.23,706,25000,11250
F,0.4,709,2000,900
T,0.17,747,10000,4500
T,0.23,721,13000,5850
T,0.21,717,20000,9000
T,0.1,714,6000,2700
F,0.21,691,28000,12600
F,0.25,533,6000,2700
T,0.07,701,17000,7650
T,0.21,735,15000,6750
F,0.29,667,23000,10350
T,0.14,683,8000,3600
F,0.16,659,32000,14400
F,0.04,764,5000,2250
T,0.11,700,15000,6750
F,0.35,654,28000,12600
F,0.05,622,7000,3150
F,0.22,517,3000,1350
F,0.28,654,8000,3600
F,0.12,639,8000,3600
T,0.17,706,18000,8100
F,0.01,682,8000,3600
T,0.22,705,2000,900
F,0.18,589,34000,15300
T,0.18,715,21000,9450
F,0.51,606,3000,1350
F,0.26,661,25000,11250
T,0.19,681,9000,4050
F,0.26,631,3000,1350
T,0.01,727,4000,1800
T,0.16,669,4000,1800
F,0.01,746,1000,450
F,0.13,639,38000,17100
T,0.07,700,18000,8100
T,0.02,695,11000,4950
T,0.19,684,6000,2700
F,0.13,772,27000,12150
F,0.12,583,3000,1350
F,0.19,693,29000,13050
F,0.04,511,2000,900
F,0.03,780,16000,7200
F,0.03,502,2000,900
T,0.15,702,5000,2250
F,0.06,728,5000,2250
T,0.09,697,8000,3600
T,0.13,745,13000,5850
T,0.06,684,10000,4500
F,0.36,526,6000,2700
T,0.2,761,20000,9000
T,0.3,685,12000,5400
F,0.97,696,7000,3150
T,0.19,756,10000,4500
F,0.38,676,1000,450
T,0.23,664,9000,4050
T,0.23,726,35000,15750
F,0.37,682,23000,10350
F,0.04,674,2000,900
F,0.09,640,22000,9900
T,0.18,698,17000,7650
T,0.1,666,10000,4500
T,0.17,735,10000,4500
F,0.17,595,20000,9000
T,0.13,745,14000,6300
F,0.27,684,27000,12150
F,0.02,646,5000,2250
T,0.12,744,2000,900
T,0.11,668,8000,3600
F,0.23,643,12000,5400
T,0.12,755,20000,9000
F,0.45,530,500,225
F,0.08,659,12000,5400
T,0.06,688,20000,9000
F,0.01,636,16000,7200
T,0.12,724,10000,4500
T,0.2,675,6000,2700
F,0.16,617,3000,1350
F,0.2,640,37000,16650
F,0.04,613,34000,15300
F,0.33,679,25000,11250
F,0.14,549,6000,2700
F,0.43,709,31000,13950
F,0.43,697,6000,2700
F,0.19,626,1000,450
F,0.09,613,10000,4500
T,0.17,701,26000,11700
F,0.15,622,4000,1800
T,0.08,703,12000,5400
T,0.11,681,8000,3600
T,0.02,688,14000,6300
F,0.26,739,19000,8550
T,0.08,698,13000,5850
T,0.19,680,13000,5850
T,0.17,732,7000,3150
T,0.07,708,12000,5400
T,0.06,712,9000,4050
T,0.12,686,6000,2700
F,0.05,614,4000,1800
F,0.02,486,4000,1800
F,0.19,710,20000,9000
T,0.14,680,19000,8550
F,0.15,578,6000,2700
T,0.13,680,5000,2250
F,0.03,521,16000,7200
F,0.11,711,11000,4950
T,0.02,835,9000,4050
T,0.25,717,4000,1800
F,0.06,602,2000,900
F,0.16,589,2000,900
F,0.04,687,25000,11250
F,0.17,642,5000,2250
F,0.16,708,28000,12600
T,0.14,707,9000,4050
T,0.12,687,11000,4950
F,0.3,448,19000,8550
T,0.2,701,31000,13950
T,0.3,717,21000,9450
F,0.02,437,7000,3150
F,0.01,462,4000,1800
T,0.2,668,29000,13050
T,0,767,10000,4500
T,0.12,736,21000,9450
T,0.25,665,10000,4500
T,0.07,662,19000,8550
F,0.24,611,22000,9900
T,0.23,700,17000,7650
F,0.07,758,33000,14850
F,0.36,660,34000,15300
F,0.43,555,2000,900
T,0.14,713,10000,4500
T,0.11,698,18000,8100
T,0.04,693,18000,8100
T,0.02,755,3000,1350
F,0.04,585,10000,4500
T,0.01,773,9000,4050
T,0.21,703,16000,7200
F,0.03,628,19000,8550
T,0.15,721,14000,6300
F,0.16,578,27000,12150
T,0.01,654,4000,1800
T,0.13,704,5000,2250
F,0.15,620,37000,16650
T,0.18,696,12000,5400
F,0.23,627,5000,2250
T,0.2,690,4000,1800
T,0.09,677,4000,1800
T,0.02,759,11000,4950
F,0.33,710,37000,16650
F,0.16,571,16000,7200
T,0.02,667,7000,3150
F,0.04,680,6000,2700
T,0.14,715,17000,7650
F,0.4,703,24000,10800
F,0.03,644,4000,1800
F,0.05,763,11000,4950
T,0.08,781,3000,1350
T,0.08,718,3000,1350
T,0.12,702,15000,6750
F,0.17,691,36000,16200
T,0.29,693,12000,5400
T,0.17,689,26000,11700
T,0.1,731,24000,10800
F,0.14,568,18000,8100
F,0.31,504,10000,4500
T,0.08,752,18000,8100
F,0.43,459,3000,1350
F,0.18,675,18000,8100
T,0,677,8000,3600
T,0.14,683,8000,3600
F,0.01,677,15000,6750
T,0.14,736,8000,3600
F,0.22,475,5000,2250
T,0.12,699,10000,4500
F,0.23,725,500,225
F,0.32,646,39000,17550
T,0.21,676,7000,3150
T,0.11,715,23000,10350
F,0.16,693,8000,3600
F,0.04,730,12000,5400
F,0.23,529,1000,450
T,0.24,723,31000,13950
T,0.15,698,36000,16200
T,0.02,767,24000,10800
F,0.15,736,26000,11700
T,0.02,686,6000,2700
T,0.18,678,9000,4050
F,0.21,638,9000,4050
F,0.07,531,20000,9000
T,0.12,722,5000,2250
F,0.41,798,6000,2700
F,0.1,544,2000,900
F,0.37,645,7000,3150
F,0.25,556,16000,7200
T,0.09,810,13000,5850
F,0.39,583,1000,450
T,0.29,710,2000,900
F,0.38,553,38000,17100
T,0.18,679,13000,5850
F,0.15,595,20000,9000
F,0.15,629,10000,4500
T,0.23,718,19000,8550
F,0.33,577,10000,4500
F,0.44,757,23000,10350
T,0.14,744,21000,9450
F,0.35,656,19000,8550
F,0.52,701,21000,9450
F,0.21,649,10000,4500
F,0.04,542,3000,1350
F,0.41,719,17000,7650
T,0.14,675,12000,5400
T,0.09,689,8000,3600
F,0.13,661,9000,4050
F,0.22,603,13000,5850
T,0.2,723,2000,900
F,0.24,649,16000,7200
F,0.07,591,7000,3150
F,0.13,556,1000,450
F,0.3,671,36000,16200
T,0.21,707,17000,7650
T,0.21,681,9000,4050
F,0.28,634,4000,1800
T,0.2,699,7000,3150
T,0.26,698,8000,3600
T,0.16,709,13000,5850
T,0.01,709,7000,3150
T,0.19,694,10000,4500
T,0.19,700,15000,6750
F,0.13,681,31000,13950
F,0,733,21000,9450
F,0.18,504,26000,11700
T,0.21,750,21000,9450
F,0.43,664,30000,13500
T,0.08,665,13000,5850
T,0.19,696,5000,2250
F,0.34,455,17000,7650
F,0.2,767,22000,9900
T,0.17,705,5000,2250
F,0.07,663,500,225
T,0.2,717,17000,7650
T,0.07,776,14000,6300
F,0.49,526,19000,8550
F,0.62,685,10000,4500
F,0.06,750,3000,1350
F,0.24,688,4000,1800
T,0.13,756,10000,4500
T,0.2,736,21000,9450
F,0.07,655,16000,7200
T,0.18,713,27000,12150
T,0.13,682,5000,2250
T,0.26,762,11000,4950
F,0.16,713,25000,11250
T,0.19,683,3000,1350
T,0.23,714,21000,9450
T,0.21,674,11000,4950
F,0.17,544,16000,7200
F,0.05,518,9000,4050
T,0.04,658,10000,4500
F,0.03,653,7000,3150
T,0.02,704,3000,1350
F,0.05,566,19000,8550
F,0.38,637,6000,2700
T,0.21,708,21000,9450
F,0.12,765,3000,1350
T,0.09,689,22000,9900
T,0.08,697,21000,9450
F,0.02,533,9000,4050
T,0.25,681,23000,10350
T,0.17,689,5000,2250
F,0.32,664,19000,8550
T,0.29,730,18000,8100
F,0.23,667,8000,3600
T,0.05,729,15000,6750
T,0.02,702,24000,10800
F,0.26,577,3000,1350
T,0.13,688,5000,2250
T,0.18,739,19000,8550
T,0.22,674,35000,15750
F,0.21,695,6000,2700
F,0.04,783,7000,3150
F,0.97,686,4000,1800
T,0.19,694,22000,9900
T,0.14,672,2000,900
T,0.12,723,16000,7200
T,0.22,748,12000,5400
T,0.16,718,13000,5850
T,0.21,677,8000,3600
T,0.05,714,4000,1800
T,0.23,695,19000,8550
F,0.47,684,3000,1350
T,0.09,702,6000,2700
T,0.14,697,4000,1800
T,0.13,741,19000,8550
F,0.23,619,8000,3600
F,0.07,444,1000,450
F,0.23,473,9000,4050
F,0.06,595,24000,10800
T,0.19,686,5000,2250
T,0.15,690,18000,8100
T,0.11,713,10000,4500
F,0.3,679,17000,7650
T,0.11,683,11000,4950
F,0.31,690,13000,5850
T,0.29,720,32000,14400
F,0.09,653,34000,15300
T,0.13,661,8000,3600
T,0.15,686,22000,9900
T,0.15,715,17000,7650
F,0.35,687,23000,10350
T,0.04,777,24000,10800
F,0.05,713,22000,9900
T,0.08,760,13000,5850
F,0.04,755,11000,4950
F,0.26,691,20000,9000
T,0.19,700,18000,8100
T,0.13,711,36000,16200
F,0.28,690,14000,6300
T,0.12,771,6000,2700
T,0.09,710,4000,1800
T,0,703,8000,3600
T,0.22,740,24000,10800
T,0.17,670,9000,4050
F,0.14,638,32000,14400
T,0.01,738,2000,900
T,0.18,663,22000,9900
F,0.34,703,1000,450
T,0.08,724,22000,9900
T,0.11,709,8000,3600
T,0.2,760,21000,9450
F,0.15,644,15000,6750
T,0.25,709,27000,12150
T,0.18,676,7000,3150
T,0.1,693,20000,9000
T,0.17,693,20000,9000
T,0.31,671,12000,5400
F,0.17,656,24000,10800
F,0.01,507,7000,3150
F,0.09,707,40000,18000
F,0.05,767,27000,12150
F,0.45,675,12000,5400
T,0.21,740,11000,4950
T,0.21,703,14000,6300
T,0.23,689,18000,8100
T,0.15,727,24000,10800
T,0.09,755,14000,6300
F,0.29,714,9000,4050
T,0.21,725,16000,7200
T,0.19,670,6000,2700
F,0.33,632,36000,16200
T,0.1,663,8000,3600
T,0.24,715,17000,7650
F,0.2,704,5000,2250
F,0.24,644,22000,9900
T,0.11,676,8000,3600
F,0.65,695,34000,15300
T,0.22,663,11000,4950
F,0.02,439,6000,2700
F,0.01,564,4000,1800
T,0.07,707,13000,5850
T,0.15,704,10000,4500
T,0.23,722,19000,8550
T,0.29,777,16000,7200
F,0.18,601,10000,4500
F,0.16,621,21000,9450
T,0.19,705,26000,11700
F,0.22,693,27000,12150
T,0.33,662,37000,16650
T,0.16,715,14000,6300
F,0.19,688,13000,5850
T,0.27,688,12000,5400
F,0.23,623,21000,9450
T,0.14,745,2000,900
F,0.27,725,7000,3150
T,0.01,675,9000,4050
T,0.12,722,13000,5850
T,0.02,786,16000,7200
T,0.16,784,27000,12150
T,0.25,713,20000,9000
T,0.3,657,21000,9450
F,0.13,757,20000,9000
T,0.13,681,12000,5400
T,0.11,695,4000,1800
F,0.1,549,4000,1800
T,0.15,676,11000,4950
F,0.21,483,9000,4050
F,0.41,689,21000,9450
T,0.32,706,2000,900
F,0.16,558,4000,1800
F,0.3,688,9000,4050
F,0.17,613,15000,6750
F,0.6,692,14000,6300
T,0.12,772,19000,8550
T,0.26,669,21000,9450
T,0.22,815,8000,3600
T,0.14,692,35000,15750
T,0.11,663,13000,5850
T,0.18,676,16000,7200
F,0.31,575,17000,7650
T,0.11,684,11000,4950
T,0.21,673,14000,6300
T,0.11,693,9000,4050
F,0.21,618,12000,5400
T,0.23,698,22000,9900
F,0.3,667,2000,900
T,0.09,680,500,225
T,0.08,687,7000,3150
F,0.11,492,26000,11700
T,0.02,697,22000,9900
F,0.08,653,15000,6750
F,0.19,660,23000,10350
T,0.06,701,10000,4500
F,0.2,733,12000,5400
F,0.04,700,7000,3150
F,0.07,592,9000,4050
F,0.36,719,21000,9450
F,0.06,573,5000,2250
F,0.2,557,3000,1350
F,0.18,489,20000,9000
F,0.01,618,5000,2250
T,0.17,704,21000,9450
F,0.06,537,4000,1800
T,0.09,660,18000,8100
T,0.15,684,13000,5850
F,0.02,469,3000,1350
F,0.02,772,7000,3150
F,0,617,13000,5850
F,0.21,608,13000,5850
T,0.12,710,3000,1350
F,0.06,532,9000,4050
T,0.19,717,8000,3600
F,0.42,585,6000,2700
T,0.1,683,21000,9450
T,0.04,736,23000,10350
F,0.05,598,8000,3600
T,0.16,690,12000,5400
F,0.29,681,25000,11250
T,0.11,720,8000,3600
F,0.01,618,500,225
F,0.34,691,17000,7650
T,0.22,683,6000,2700
F,0.1,513,5000,2250
T,0.09,769,4000,1800
F,0.5,706,38000,17100
F,0.47,665,16000,7200
T,0.29,762,16000,7200
T,0.01,752,16000,7200
T,0.07,728,23000,10350
F,0.29,682,29000,13050
T,0.3,791,9000,4050
F,0.2,668,5000,2250
F,0.09,609,5000,2250
F,0.18,584,1000,450
F,0.09,579,3000,1350
F,0.37,615,9000,4050
F,0.35,560,2000,900
T,0.09,750,4000,1800
F,0.47,665,13000,5850
F,0.32,601,19000,8550
T,0.16,726,25000,11250
T,0.2,716,18000,8100
F,0.15,618,12000,5400
T,0.27,690,2000,900
F,0.16,507,4000,1800
T,0.2,681,10000,4500
F,0.21,749,34000,15300
T,0.05,750,18000,8100
T,0.07,775,12000,5400
T,0.21,682,29000,13050
T,0.24,684,4000,1800
T,0.27,684,15000,6750
T,0.06,760,17000,7650
T,0.19,685,23000,10350
T,0.18,695,9000,4050
F,0.02,569,500,225
T,0.06,763,3000,1350
T,0.23,690,13000,5850
F,0.28,636,2000,900
T,0.22,668,18000,8100
T,0.17,683,18000,8100
T,0.22,725,2000,900
T,0.26,734,33000,14850
F,0.34,650,9000,4050
F,0.37,629,17000,7650
T,0.2,696,17000,7650
F,0.03,640,12000,5400
T,0.15,699,8000,3600
F,0.23,700,17000,7650
T,0.12,725,3000,1350
F,0.09,543,27000,12150
T,0.08,697,13000,5850
T,0.3,664,18000,8100
T,0.16,682,4000,1800
F,0.2,675,36000,16200
F,0.36,688,34000,15300
T,0.07,662,10000,4500
F,0.35,754,19000,8550
T,0.22,676,30000,13500
T,0.04,736,26000,11700
T,0.12,781,8000,3600
T,0.2,687,34000,15300
F,0.22,630,17000,7650
F,0.04,543,3000,1350
T,0.15,673,8000,3600
T,0.14,709,17000,7650
T,0.29,724,8000,3600
F,0.02,718,25000,11250
T,0.18,695,4000,1800
T,0.14,672,14000,6300
T,0.14,677,14000,6300
T,0.07,683,13000,5850
T,0.16,675,13000,5850
F,0.29,569,3000,1350
F,0.11,500,3000,1350
T,0.25,689,6000,2700
T,0.23,691,8000,3600
T,0.25,712,10000,4500
T,0.1,729,12000,5400
T,0.18,725,19000,8550
T,0.06,676,7000,3150
T,0.11,682,12000,5400
F,0.01,574,5000,2250
T,0.17,749,27000,12150
T,0.18,703,6000,2700
T,0.14,677,7000,3150
T,0.07,697,3000,1350
F,0.09,522,14000,6300
F,0.12,564,2000,900
F,0.5,699,33000,14850
T,0.09,751,13000,5850
F,0.19,584,32000,14400
F,0.36,679,8000,3600
T,0.14,742,15000,6750
T,0.25,675,11000,4950
T,0.2,685,9000,4050
T,0.09,664,7000,3150
T,0.07,702,18000,8100
T,0.1,696,8000,3600
F,0.37,693,24000,10800
T,0,658,3000,1350
F,0.12,545,2000,900
T,0.13,727,8000,3600
F,0.56,658,24000,10800
T,0.09,726,2000,900
T,0.07,686,12000,5400
T,0.11,694,17000,7650
T,0.09,731,3000,1350
F,0.21,631,1000,450
F,0.22,696,15000,6750
F,0.27,712,21000,9450
F,0.03,605,2000,900
T,0.07,813,6000,2700
T,0.02,758,33000,14850
F,0.01,686,19000,8550
F,0.91,468,9000,4050
T,0.24,720,9000,4050
F,0.09,450,35000,15750
T,0.12,702,19000,8550
T,0.13,675,9000,4050
F,0.51,642,23000,10350
F,0.14,467,3000,1350
T,0.04,750,9000,4050
F,0.11,686,13000,5850
T,0.02,749,5000,2250
T,0.21,672,8000,3600
F,0.09,640,1000,450
T,0.2,692,12000,5400
T,0.22,740,2000,900
T,0.1,777,13000,5850
F,0.25,742,31000,13950
F,0.07,602,18000,8100
T,0.01,728,3000,1350
T,0.14,675,5000,2250
T,0.23,659,15000,6750
F,0.01,521,11000,4950
T,0.26,705,24000,10800
F,0.28,650,28000,12600
F,0.08,682,20000,9000
F,0.54,713,34000,15300
T,0.19,709,1000,450
T,0.18,726,7000,3150
F,0.19,679,4000,1800
F,0.18,668,7000,3150
T,0.19,801,3000,1350
T,0.09,742,7000,3150
T,0.12,719,21000,9450
F,0.11,662,21000,9450
T,0.08,710,11000,4950
T,0.2,731,8000,3600
F,0.24,533,500,225
T,0.09,726,13000,5850
F,0.17,680,2000,900
F,0.35,735,8000,3600
F,0.26,644,29000,13050
F,0.03,560,10000,4500
T,0.12,701,33000,14850
T,0.07,811,36000,16200
F,0.01,498,7000,3150
T,0.27,652,14000,6300
F,0.13,651,33000,14850
T,0.07,745,4000,1800
F,0.04,613,4000,1800
F,0.14,490,6000,2700
T,0.09,728,21000,9450
F,0.34,649,28000,12600
T,0.09,722,17000,7650
T,0.1,739,12000,5400
F,0.01,706,7000,3150
F,0.05,587,4000,1800
T,0.03,725,6000,2700
T,0.1,663,33000,14850
T,0.18,689,6000,2700
T,0,708,500,225
T,0.06,741,12000,5400
F,0.25,707,29000,13050
F,0.02,715,24000,10800
T,0.14,749,28000,12600
F,0.04,664,22000,9900
F,0.21,496,8000,3600
F,0.26,684,14000,6300
F,0.19,446,7000,3150
T,0.04,688,16000,7200
T,0.14,690,12000,5400
T,0.29,668,13000,5850
F,0.34,641,1000,450
F,0.12,572,13000,5850
T,0.31,703,13000,5850
T,0.16,670,34000,15300
T,0.07,670,10000,4500
T,0.08,694,7000,3150
T,0.14,740,13000,5850
T,0.3,744,4000,1800
T,0.06,744,5000,2250
T,0.21,671,15000,6750
T,0.03,740,2000,900
F,0.04,537,2000,900
F,0.09,603,1000,450
F,0.12,802,5000,2250
T,0.23,699,25000,11250
F,0.22,777,12000,5400
F,0.31,709,4000,1800
T,0.11,669,4000,1800
F,0.07,692,15000,6750
T,0.23,743,15000,6750
F,0.4,462,2000,900
F,0.09,669,11000,4950
F,0.28,710,21000,9450
T,0.16,680,10000,4500
F,0.02,563,3000,1350
F,0.31,725,18000,8100
F,0.05,667,14000,6300
F,0.27,698,28000,12600
F,0.37,600,4000,1800
F,0.28,667,10000,4500
T,0.22,716,19000,8550
F,0.34,631,6000,2700
T,0.16,715,21000,9450
F,0.13,622,39000,17550
F,0.38,647,10000,4500
F,0.04,473,1000,450
F,0.29,648,11000,4950
T,0.26,691,8000,3600
T,0.3,715,8000,3600
T,0.19,703,34000,15300
T,0.08,774,12000,5400
T,0.18,670,10000,4500
F,0.16,674,24000,10800
T,0.07,678,4000,1800
T,0.05,728,20000,9000
F,0.18,479,7000,3150
F,0.83,689,9000,4050
F,0.29,695,35000,15750
F,0.22,655,8000,3600
F,0.45,713,17000,7650
T,0.22,664,13000,5850
F,0.31,722,7000,3150
T,0.24,657,6000,2700
F,0.08,692,12000,5400
F,0.11,598,35000,15750
T,0.17,681,12000,5400
F,0.11,676,6000,2700
F,0.14,600,13000,5850
T,0.16,672,26000,11700
T,0.08,665,27000,12150
F,0.28,658,9000,4050
F,0.29,664,15000,6750
F,0.13,570,7000,3150
T,0.25,743,12000,5400
T,0.11,734,14000,6300
F,0.17,719,8000,3600
F,0.34,624,25000,11250
T,0.13,692,15000,6750
T,0.23,709,24000,10800
T,0.24,648,8000,3600
T,0.21,729,7000,3150
F,0.32,579,4000,1800
F,0,718,7000,3150
F,0.47,669,9000,4050
T,0.06,746,10000,4500
T,0.08,753,34000,15300
T,0.08,689,3000,1350
T,0.22,691,8000,3600
T,0.11,724,8000,3600
F,0.37,711,6000,2700
T,0.19,710,7000,3150
T,0.04,681,10000,4500
F,0.3,682,18000,8100
F,0.11,650,8000,3600
T,0.11,716,20000,9000
F,0.02,499,5000,2250
F,0,600,4000,1800
F,0.37,681,35000,15750
F,0.26,701,8000,3600
F,0.35,610,24000,10800
T,0.14,727,11000,4950
T,0.15,732,14000,6300
T,0.18,682,22000,9900
T,0.15,673,18000,8100
T,0.13,679,8000,3600
T,0.06,705,3000,1350
T,0.27,687,2000,900
F,0.01,671,8000,3600
F,0.33,658,35000,15750
F,0.04,651,14000,6300
T,0.24,693,6000,2700
F,0.13,683,3000,1350
F,0.39,678,15000,6750
F,0.07,504,2000,900
F,0.11,570,5000,2250
T,0.09,694,30000,13500
F,0.17,673,34000,15300
F,0.61,612,14000,6300
T,0.28,733,11000,4950
F,0.34,693,24000,10800
T,0.27,672,8000,3600
F,0.05,542,7000,3150
F,0.25,607,15000,6750
F,0.14,537,7000,3150
T,0.27,661,33000,14850
F,0.15,592,4000,1800
T,0.18,753,33000,14850
F,0.03,663,17000,7650
F,0,539,23000,10350
F,0.27,652,14000,6300
T,0.02,670,13000,5850
F,0.13,621,2000,900
T,0.18,690,4000,1800
T,0.05,737,6000,2700
F,0.01,728,23000,10350
F,0.01,561,26000,11700
T,0.23,688,20000,9000
F,0.13,731,7000,3150
T,0.28,686,5000,2250
T,0.08,703,4000,1800
T,0.1,647,29000,13050
F,0.01,735,27000,12150
F,0.51,714,30000,13500
F,0.21,640,500,225
T,0.09,739,27000,12150
F,0.17,634,15000,6750
F,0.08,730,7000,3150
T,0.05,680,6000,2700
T,0.2,711,6000,2700
T,0.18,729,24000,10800
T,0.23,675,4000,1800
T,0.03,701,22000,9900
F,0.09,500,2000,900
T,0.22,703,5000,2250
F,0.23,623,24000,10800
T,0.09,745,12000,5400
T,0.01,655,8000,3600
T,0.14,678,8000,3600
T,0.18,758,7000,3150
F,0.5,590,3000,1350
T,0.21,710,5000,2250
T,0.33,676,6000,2700
F,0.24,517,7000,3150
F,0.44,595,6000,2700
T,0.04,707,5000,2250
F,0.37,608,9000,4050
T,0.05,727,20000,9000
F,0.02,720,14000,6300
F,0.28,655,13000,5850
F,0.36,550,2000,900
F,0.02,551,3000,1350
F,0.13,653,34000,15300
T,0.15,755,8000,3600
T,0.23,757,7000,3150
F,0.25,681,17000,7650
T,0.25,672,25000,11250
T,0.26,782,9000,4050
T,0.05,689,3000,1350
T,0.1,701,7000,3150
T,0.23,673,19000,8550
T,0.09,705,12000,5400
F,0.18,573,500,225
F,0.17,675,7000,3150
T,0.1,673,13000,5850
T,0.12,712,7000,3150
T,0.05,715,20000,9000
T,0.08,733,6000,2700
T,0.26,709,18000,8100
F,0.43,653,16000,7200
F,0.14,643,27000,12150
T,0.07,736,5000,2250
T,0.15,703,11000,4950
F,0.07,709,7000,3150
F,0.21,727,13000,5850
T,0.29,688,8000,3600
T,0.1,712,8000,3600
F,0.18,683,34000,15300
T,0.08,668,9000,4050
T,0.09,654,5000,2250
T,0.16,699,27000,12150
T,0.13,760,8000,3600
F,0.22,588,3000,1350
T,0.04,682,5000,2250
T,0.19,706,5000,2250
T,0.17,724,11000,4950
T,0.09,764,11000,4950
F,0.06,559,1000,450
F,0.1,572,5000,2250
T,0.15,693,14000,6300
F,0.14,609,1000,450
T,0.2,690,10000,4500
T,0.12,797,12000,5400
T,0.05,649,5000,2250
F,0.1,730,18000,8100
F,0.18,656,19000,8550
F,0.16,708,24000,10800
T,0.17,665,11000,4950
F,0.12,651,21000,9450
T,0.04,735,1000,450
F,0.51,639,3000,1350
F,0.2,608,21000,9450
T,0.18,696,4000,1800
F,0.04,613,17000,7650
T,0.02,792,36000,16200
F,0.01,529,2000,900
T,0.18,717,10000,4500
T,0.12,714,500,225
F,0.04,632,15000,6750
F,0.54,721,7000,3150
T,0.34,706,12000,5400
F,0.15,491,2000,900
T,0.15,683,500,225
T,0.09,759,19000,8550
F,0.09,533,9000,4050
T,0.11,665,6000,2700
F,0.31,685,19000,8550
F,0.12,465,19000,8550
F,0.44,677,8000,3600
T,0.19,701,17000,7650
F,0.06,636,7000,3150
T,0.13,700,12000,5400
F,0.28,651,22000,9900
T,0.23,678,11000,4950
T,0.31,747,21000,9450
F,0.08,577,12000,5400
F,0.03,642,10000,4500
T,0.3,689,19000,8550
T,0.19,693,12000,5400
T,0.15,715,8000,3600
T,0.06,663,6000,2700
T,0.06,715,7000,3150
F,0.09,614,12000,5400
F,0.83,723,14000,6300
T,0.08,749,500,225
T,0.11,688,9000,4050
T,0.04,685,11000,4950
F,0.51,697,3000,1350
F,0.66,501,2000,900
F,0.13,661,19000,8550
T,0.12,715,9000,4050
T,0.16,717,9000,4050
T,0.16,689,33000,14850
F,0.34,598,34000,15300
T,0.22,710,6000,2700
T,0.06,679,11000,4950
F,0.28,678,29000,13050
T,0.23,686,14000,6300
F,0.3,449,13000,5850
T,0.07,667,14000,6300
T,0.08,795,16000,7200
F,0.05,544,19000,8550
T,0.25,663,33000,14850
T,0.14,744,31000,13950
T,0.19,686,12000,5400
F,0.3,704,23000,10350
T,0.2,695,19000,8550
F,0.25,617,33000,14850
T,0.2,752,38000,17100
T,0.02,705,14000,6300
F,0.12,613,20000,9000
T,0.08,685,29000,13050
F,0.14,652,13000,5850
F,0.4,513,4000,1800
F,0.42,619,31000,13950
F,0.03,714,16000,7200
F,0.19,587,34000,15300
F,0.09,611,13000,5850
T,0.19,730,5000,2250
T,0.2,698,21000,9450
F,0.04,617,12000,5400
T,0.13,701,20000,9000
T,0.05,710,21000,9450
T,0.07,695,27000,12150
T,0.08,760,22000,9900
F,0.88,687,29000,13050
F,0.03,812,7000,3150
F,0.18,682,37000,16650
T,0.2,667,8000,3600
F,0.17,541,9000,4050
F,0.16,518,3000,1350
T,0.07,708,6000,2700
T,0.2,670,16000,7200
F,0.49,536,4000,1800
T,0.11,671,7000,3150
F,0.21,671,13000,5850
T,0.13,704,8000,3600
T,0.09,689,17000,7650
F,0.68,621,1000,450
T,0.16,725,33000,14850
F,0.24,674,23000,10350
F,0.02,696,12000,5400
T,0.13,784,6000,2700
F,0.16,644,5000,2250
T,0.08,732,8000,3600
F,0.07,658,19000,8550
F,0.07,739,26000,11700
F,0.4,748,13000,5850
F,0.12,529,28000,12600
T,0.01,744,19000,8550
T,0.12,717,1000,450
T,0.02,738,7000,3150
T,0.16,752,12000,5400
F,0.04,522,4000,1800
F,0.02,761,13000,5850
T,0.26,668,10000,4500
F,0.28,689,38000,17100
T,0.15,708,15000,6750
T,0.21,671,11000,4950
T,0.09,765,4000,1800
F,0.38,682,31000,13950
F,0.04,676,13000,5850
F,0.21,744,33000,14850
F,0.06,782,3000,1350
T,0.23,703,18000,8100
T,0.16,726,24000,10800
T,0.11,686,34000,15300
F,0,656,9000,4050
T,0.12,787,3000,1350
F,0.25,710,30000,13500
T,0.16,726,6000,2700
F,0.03,805,11000,4950
T,0.09,683,19000,8550
F,0.66,736,35000,15750
T,0.12,799,21000,9450
T,0.24,656,10000,4500
F,0.29,501,8000,3600
T,0.06,689,17000,7650
T,0.12,731,32000,14400
F,0.16,520,1000,450
F,0.08,700,37000,16650
T,0.1,716,4000,1800
F,0.02,584,34000,15300
T,0.08,748,11000,4950
F,0.05,525,34000,15300
T,0.08,650,14000,6300
F,0.38,505,3000,1350
F,0.22,651,16000,7200
F,0.06,632,4000,1800
F,0.43,659,18000,8100
T,0.1,707,25000,11250
F,0.11,609,2000,900
T,0.08,816,37000,16650
T,0.21,673,2000,900
T,0.02,722,8000,3600
F,0.14,657,19000,8550
T,0.21,653,5000,2250
F,0.11,472,7000,3150
F,0.45,609,5000,2250
F,0.08,760,27000,12150
F,0.31,696,2000,900
F,0.71,556,25000,11250
F,0.32,695,18000,8100
F,0.13,763,34000,15300
F,0.07,694,17000,7650
F,0.14,562,1000,450
T,0.06,672,35000,15750
T,0.2,734,4000,1800
F,0,456,22000,9900
T,0.13,677,15000,6750
T,0.16,698,11000,4950
T,0.2,740,11000,4950
T,0.2,729,4000,1800
T,0.32,692,20000,9000
T,0.11,680,22000,9900
F,0.19,527,6000,2700
T,0.25,711,24000,10800
T,0.22,748,19000,8550
F,0.08,634,6000,2700
T,0.18,736,7000,3150
F,0.06,666,7000,3150
T,0.18,695,11000,4950
F,0.03,522,6000,2700
T,0.04,727,27000,12150
F,0.17,565,12000,5400
T,0.22,750,9000,4050
F,0.28,696,25000,11250
T,0.04,753,15000,6750
T,0.29,719,6000,2700
T,0.18,709,26000,11700
T,0.03,667,1000,450
T,0.23,795,5000,2250
T,0.27,689,10000,4500
T,0.14,671,4000,1800
T,0.13,702,10000,4500
F,0.19,620,12000,5400
T,0.14,692,10000,4500
F,0.17,634,20000,9000
F,0.01,675,1000,450
T,0.25,729,8000,3600
F,0.21,683,7000,3150
T,0.17,710,10000,4500
T,0.16,730,2000,900
F,0.6,708,31000,13950
T,0.11,796,12000,5400
F,0.33,600,16000,7200
F,0.01,734,11000,4950
F,0.32,700,24000,10800
T,0.13,678,19000,8550
T,0.21,722,8000,3600
F,0.07,517,33000,14850
T,0.1,800,12000,5400
T,0.22,697,21000,9450
T,0.28,678,25000,11250
F,0.11,705,40000,18000
F,0.06,574,4000,1800
F,0,675,5000,2250
F,0.09,659,10000,4500
F,0.78,637,36000,16200
T,0.18,734,14000,6300
T,0.01,737,11000,4950
T,0.09,776,5000,2250
T,0.15,703,6000,2700
F,0.17,460,1000,450
F,0.07,606,16000,7200
F,0.32,685,4000,1800
T,0.15,717,34000,15300
T,0.21,739,15000,6750
T,0.22,696,16000,7200
T,0.12,702,6000,2700
F,0.06,463,5000,2250
T,0.18,686,18000,8100
F,0.07,484,500,225
T,0.22,704,8000,3600
F,0.21,653,6000,2700
F,0.1,597,4000,1800
F,0.3,674,13000,5850
T,0.14,707,8000,3600
F,0.1,515,3000,1350
T,0.31,703,14000,6300
T,0.28,709,3000,1350
T,0.19,754,32000,14400
F,0.07,621,5000,2250
T,0.23,704,1000,450
F,0.51,716,5000,2250
F,0.02,614,3000,1350
F,0.17,709,23000,10350
T,0.07,800,18000,8100
T,0.11,797,3000,1350
T,0.02,728,17000,7650
T,0.07,740,30000,13500
T,0.17,682,13000,5850
F,0.29,707,19000,8550
F,0.42,676,4000,1800
F,0.19,637,35000,15750
F,0.08,633,4000,1800
T,0.16,688,500,225
F,0.13,638,3000,1350
T,0.13,675,21000,9450
T,0.08,707,14000,6300
F,0.02,670,9000,4050
F,0.3,654,17000,7650
T,0.14,682,14000,6300
F,0.12,654,12000,5400
T,0.28,681,8000,3600
T,0.23,742,10000,4500
T,0.13,683,16000,7200
T,0.26,807,33000,14850
F,0.04,601,1000,450
F,0.05,623,13000,5850
F,0.33,681,9000,4050
T,0.28,701,31000,13950
F,0.37,402,12000,5400
T,0.09,695,12000,5400
T,0.03,808,6000,2700
F,0.09,705,20000,9000
F,0.02,553,2000,900
F,0.53,723,10000,4500
T,0.16,698,18000,8100
T,0.1,712,5000,2250
F,0.22,681,10000,4500
F,0.31,750,30000,13500
T,0.04,712,13000,5850
F,0.24,752,14000,6300
T,0.17,710,16000,7200
F,0.15,594,6000,2700
F,0.02,485,5000,2250
T,0.09,726,14000,6300
F,0.21,581,6000,2700
T,0.16,663,10000,4500
F,0.34,606,19000,8550
F,0.05,647,23000,10350
F,0.34,722,21000,9450
T,0.14,717,13000,5850
F,0.15,642,36000,16200
T,0.15,731,12000,5400
T,0.1,666,32000,14400
T,0.19,656,17000,7650
T,0.13,687,25000,11250
F,0.14,707,32000,14400
T,0.07,722,3000,1350
F,0.28,489,25000,11250
F,0.16,537,10000,4500
F,0.12,658,3000,1350
F,0.02,631,3000,1350
T,0.1,667,5000,2250
F,0.37,769,19000,8550
T,0.29,682,20000,9000
F,0.02,715,15000,6750
F,0.13,725,16000,7200
T,0.28,721,10000,4500
F,0.08,472,5000,2250
F,0.56,661,12000,5400
F,0.27,709,30000,13500
T,0.03,790,3000,1350
F,0.34,565,13000,5850
T,0.26,767,500,225
T,0.22,683,16000,7200
F,0.04,639,2000,900
F,0.11,607,4000,1800
F,0.44,606,4000,1800
F,0.19,725,30000,13500
F,0.34,585,20000,9000
T,0.19,688,4000,1800
F,0.67,645,10000,4500
T,0.05,740,19000,8550
T,0.15,727,18000,8100
T,0.21,693,7000,3150
T,0.25,725,36000,16200
T,0.02,708,19000,8550
F,0.09,708,10000,4500
T,0.02,771,18000,8100
T,0.11,732,10000,4500
T,0.1,701,6000,2700
F,0.18,650,4000,1800
F,0.16,664,7000,3150
F,0.34,640,19000,8550
T,0.09,748,14000,6300
F,0.4,715,29000,13050
F,0.11,510,11000,4950
T,0.06,680,5000,2250
F,0.59,633,16000,7200
F,0.14,653,21000,9450
T,0.08,696,13000,5850
F,0.16,679,31000,13950
T,0.11,697,37000,16650
T,0.2,678,7000,3150
T,0.15,804,2000,900
T,0.08,694,22000,9900
F,0.49,657,6000,2700
T,0.15,678,24000,10800
T,0.22,669,3000,1350
F,0.03,444,500,225
F,0.26,697,6000,2700
F,0.6,474,4000,1800
F,0.43,715,35000,15750
F,0.09,699,2000,900
F,0.4,752,32000,14400
T,0.11,749,6000,2700
F,0.13,541,6000,2700
F,0.3,700,12000,5400
T,0.21,726,17000,7650
F,0.13,661,500,225
T,0.06,787,1000,450
F,0.14,664,5000,2250
T,0.11,702,6000,2700
T,0.09,702,19000,8550
F,0.1,514,6000,2700
T,0.08,689,2000,900
F,0.63,694,2000,900
T,0.19,776,9000,4050
T,0.08,759,18000,8100
T,0.09,688,10000,4500
T,0.03,765,5000,2250
T,0.13,769,4000,1800
T,0.15,717,14000,6300
F,0.25,689,10000,4500
F,0.4,635,6000,2700
T,0.13,783,12000,5400
F,0.43,466,3000,1350
F,0.41,729,20000,9000
F,0.01,609,14000,6300
F,0.8,667,15000,6750
F,0.22,742,20000,9000
F,0.18,674,9000,4050
F,0.03,545,6000,2700
F,0.22,567,24000,10800
F,0.21,690,38000,17100
F,0.14,533,6000,2700
T,0.22,736,4000,1800
F,0.13,680,1000,450
T,0.08,678,18000,8100
T,0.27,717,29000,13050
F,0.25,613,30000,13500
F,0.27,500,12000,5400
F,0.21,661,35000,15750
T,0.1,700,8000,3600
T,0.08,746,19000,8550
F,0.02,499,12000,5400
F,0.06,468,500,225
F,0.02,752,5000,2250
F,0.19,665,11000,4950
F,0.41,700,6000,2700
T,0.24,674,13000,5850
T,0,803,14000,6300
T,0.23,686,1000,450
F,0.31,685,16000,7200
F,0.18,695,7000,3150
T,0.06,685,20000,9000
F,0.1,684,31000,13950
F,0.21,652,17000,7650
F,0.1,666,13000,5850
T,0.29,663,7000,3150
T,0.11,673,4000,1800
F,0,661,6000,2700
F,0.41,645,20000,9000
T,0.13,649,11000,4950
T,0.14,746,3000,1350
F,0.04,661,20000,9000
T,0.09,782,24000,10800
F,0.09,513,11000,4950
T,0.2,682,9000,4050
T,0.12,672,13000,5850
F,0.63,681,41000,18450
F,0.33,685,14000,6300
T,0.09,698,14000,6300
T,0.26,754,6000,2700
T,0.02,729,10000,4500
F,0.18,708,6000,2700
T,0.15,687,3000,1350
T,0.04,718,30000,13500
T,0.21,715,18000,8100
F,0.44,701,2000,900
T,0.23,759,11000,4950
F,0.34,668,21000,9450
F,0.23,682,5000,2250
F,0.03,621,3000,1350
T,0.13,691,36000,16200
T,0.04,714,26000,11700
T,0.18,684,11000,4950
T,0.15,707,30000,13500
F,0.23,584,2000,900
F,0.09,616,3000,1350
T,0.07,759,7000,3150
F,0.39,657,21000,9450
F,0.08,608,7000,3150
T,0.12,689,6000,2700
F,0.28,727,16000,7200
F,0.29,707,18000,8100
T,0.24,694,23000,10350
T,0.05,743,18000,8100
T,0.2,685,12000,5400
F,0.32,436,6000,2700
F,0.09,727,6000,2700
F,0.09,662,9000,4050
T,0.18,729,17000,7650
F,0.29,698,14000,6300
F,0.32,734,13000,5850
F,0.01,642,11000,4950
F,0.2,630,33000,14850
T,0.1,681,13000,5850
F,0.09,765,11000,4950
F,0.2,582,4000,1800
T,0.28,691,14000,6300
F,0.4,649,14000,6300
T,0.16,687,8000,3600
F,0.13,684,38000,17100
F,0.2,532,2000,900
F,0.05,653,11000,4950
T,0.09,787,16000,7200
F,0.16,486,500,225
T,0.08,685,28000,12600
F,0.16,660,6000,2700
F,0.17,702,5000,2250
F,0.15,612,39000,17550
F,0.1,648,24000,10800
T,0.23,686,5000,2250
F,0.19,677,22000,9900
T,0.19,668,16000,7200
T,0.28,685,16000,7200
T,0.23,705,16000,7200
F,0.01,572,20000,9000
T,0.13,741,15000,6750
T,0.23,685,3000,1350
F,0.27,755,17000,7650
T,0.15,675,13000,5850
F,0.06,672,8000,3600
F,0.11,521,23000,10350
F,0.3,621,4000,1800
T,0.21,698,21000,9450
F,0.22,560,2000,900
F,0.08,685,38000,17100
T,0.18,732,3000,1350
T,0.11,703,8000,3600
T,0.23,747,35000,15750
F,0.04,557,1000,450
T,0.2,706,19000,8550
T,0.32,722,21000,9450
T,0.18,670,8000,3600
F,0.03,639,5000,2250
F,0.17,478,12000,5400
T,0.07,696,10000,4500
T,0.09,706,14000,6300
F,0.18,657,8000,3600
F,0.11,689,37000,16650
T,0.16,672,6000,2700
F,0.13,699,2000,900
T,0.03,753,25000,11250
F,0.46,648,7000,3150
T,0.05,775,8000,3600
F,0.44,708,15000,6750
T,0.2,746,14000,6300
F,0.29,577,33000,14850
T,0.22,699,8000,3600
F,0.23,639,15000,6750
F,0.03,559,27000,12150
F,0.15,466,7000,3150
T,0.07,698,12000,5400
F,0.14,441,1000,450
F,0.09,618,500,225
F,0.15,656,17000,7650
T,0.18,686,12000,5400
F,0.18,567,1000,450
T,0.3,692,8000,3600
T,0.28,732,12000,5400
T,0.13,667,23000,10350
T,0.04,788,3000,1350
T,0,769,8000,3600
T,0.14,714,13000,5850
T,0.14,670,6000,2700
T,0.19,678,13000,5850
F,0.68,632,18000,8100
T,0.21,679,1000,450
T,0.15,681,14000,6300
T,0.31,704,26000,11700
T,0.2,698,10000,4500
T,0.11,710,8000,3600
T,0.24,690,10000,4500
T,0.07,836,25000,11250
F,0.39,693,11000,4950
T,0.09,704,9000,4050
T,0.04,652,1000,450
F,0.25,587,12000,5400
F,0.25,604,2000,900
F,0.12,657,11000,4950
F,0.06,801,13000,5850
F,0.42,636,7000,3150
T,0.12,687,21000,9450
F,0.26,661,6000,2700
T,0.15,726,14000,6300
F,0.05,476,5000,2250
T,0.1,785,4000,1800
T,0.02,770,5000,2250
T,0.14,665,26000,11700
F,0.08,573,26000,11700
F,0.4,724,21000,9450
T,0.2,679,10000,4500
T,0.08,689,12000,5400
T,0.06,772,26000,11700
T,0.18,704,13000,5850
T,0.11,738,12000,5400
T,0.07,813,17000,7650
F,0.35,757,6000,2700
F,0.18,677,8000,3600
T,0.24,690,10000,4500
F,0.39,663,3000,1350
F,0.39,547,5000,2250
F,0.44,723,7000,3150
F,0.39,623,24000,10800
F,0,646,1000,450
T,0.24,697,10000,4500
F,0.19,558,11000,4950
F,0.15,661,6000,2700
F,0.09,603,22000,9900
T,0.13,773,6000,2700
T,0.12,765,3000,1350
T,0.21,743,22000,9900
T,0.15,667,23000,10350
T,0.14,671,5000,2250
F,0.28,654,33000,14850
F,0.04,644,8000,3600
T,0.09,737,10000,4500
F,0.2,641,7000,3150
T,0.1,691,10000,4500
T,0.12,657,4000,1800
F,0.32,681,5000,2250
F,0.82,484,34000,15300
F,0.26,608,17000,7650
T,0.22,732,36000,16200
T,0.11,738,16000,7200
T,0.14,674,11000,4950
F,0.23,634,15000,6750
F,0.29,684,11000,4950
F,0.32,573,10000,4500
T,0.13,690,22000,9900
F,0.03,634,1000,450
F,0.16,743,8000,3600
F,0.38,643,2000,900
T,0.22,701,17000,7650
T,0.12,697,28000,12600
T,0.13,698,29000,13050
T,0.21,706,11000,4950
F,0.21,548,13000,5850
F,0.02,464,39000,17550
T,0.1,670,23000,10350
F,0.2,530,26000,11700
F,0.2,636,500,225
F,0.08,544,6000,2700
T,0.03,806,9000,4050
F,0.26,485,6000,2700
F,0.01,503,20000,9000
T,0.18,705,10000,4500
F,0.46,642,1000,450
T,0.04,759,24000,10800
F,0.7,418,1000,450
F,0.16,513,2000,900
F,0.55,563,19000,8550
F,0,557,6000,2700
T,0.09,692,5000,2250
T,0.17,680,2000,900
T,0.14,678,6000,2700
T,0.06,751,1000,450
F,0.03,662,32000,14400
F,0.36,661,37000,16650
T,0.1,739,5000,2250
T,0.1,683,25000,11250
F,0.39,709,11000,4950
T,0.1,744,3000,1350
T,0.1,822,29000,13050
F,0.41,673,1000,450
T,0.18,701,25000,11250
F,0.13,651,7000,3150
T,0.27,673,7000,3150
T,0.2,691,19000,8550
T,0.24,653,7000,3150
F,0.91,660,16000,7200
F,0.16,731,7000,3150
F,0.61,710,29000,13050
F,0.24,649,29000,13050
T,0.06,771,9000,4050
T,0.19,714,22000,9900
T,0.1,706,23000,10350
F,0.42,538,30000,13500
F,0.16,667,5000,2250
F,0.15,609,26000,11700
F,0.72,736,10000,4500
T,0.25,722,15000,6750
T,0.09,767,18000,8100
F,0.22,673,34000,15300
T,0.11,761,22000,9900
T,0.09,707,11000,4950
F,0.91,744,27000,12150
T,0.15,740,2000,900
T,0.26,702,13000,5850
F,0.22,611,9000,4050
F,0.11,711,12000,5400
F,0.08,643,32000,14400
F,0.11,637,9000,4050
T,0.03,669,9000,4050
F,0.32,661,32000,14400
T,0.13,792,27000,12150
T,0.26,680,1000,450
T,0.03,663,12000,5400
T,0.13,716,13000,5850
T,0.22,733,28000,12600
T,0.11,798,5000,2250
F,0.06,475,3000,1350
T,0.06,692,19000,8550
T,0.21,701,3000,1350
T,0.15,706,15000,6750
F,0.26,634,4000,1800
F,0.19,601,4000,1800
F,0.23,591,3000,1350
F,0.13,662,9000,4050
F,0.05,661,18000,8100
F,0.01,653,18000,8100
T,0.1,732,3000,1350
T,0.28,663,15000,6750
F,0.51,688,4000,1800
T,0.18,749,16000,7200
F,0.14,712,8000,3600
T,0.25,688,20000,9000
F,0.38,682,16000,7200
T,0.2,720,13000,5850
T,0.05,696,14000,6300
T,0.22,681,8000,3600
F,0.11,629,3000,1350
F,0.05,495,6000,2700
F,0.1,651,8000,3600
T,0.27,674,30000,13500
F,0.36,764,17000,7650
T,0.23,696,6000,2700
T,0.13,709,27000,12150
F,0.18,696,9000,4050
F,0.15,638,15000,6750
F,0.48,591,20000,9000
T,0.15,708,9000,4050
F,0.02,656,13000,5850
F,0.03,682,16000,7200
T,0.09,665,9000,4050
F,0.12,698,10000,4500
F,0.22,560,13000,5850
F,0.24,523,18000,8100
T,0.16,738,8000,3600
T,0.13,673,15000,6750
T,0.03,693,12000,5400
T,0.08,702,6000,2700
F,0.41,659,14000,6300
T,0.17,745,3000,1350
T,0.16,720,18000,8100
F,0.01,638,4000,1800
T,0.12,787,12000,5400
F,0.03,624,500,225
T,0.23,681,500,225
F,0.53,671,7000,3150
F,0.22,518,26000,11700
T,0.11,740,18000,8100
F,0.13,631,26000,11700
T,0.22,715,7000,3150
F,0.01,469,36000,16200
T,0.28,705,13000,5850
F,0.26,658,32000,14400
T,0.17,718,12000,5400
F,0.16,602,7000,3150
T,0.22,683,4000,1800
F,0.04,624,7000,3150
T,0.1,704,5000,2250
F,0.05,584,20000,9000
F,0.12,709,17000,7650
T,0.13,717,15000,6750
T,0.09,698,12000,5400
T,0.13,715,6000,2700
F,0.77,436,9000,4050
F,0.4,636,5000,2250
F,0.18,623,4000,1800
T,0.04,750,7000,3150
T,0.14,694,23000,10350
T,0.01,687,7000,3150
T,0.03,762,11000,4950
F,0.1,675,500,225
T,0.12,706,6000,2700
F,0.38,641,14000,6300
F,0.12,579,5000,2250
F,0.38,614,15000,6750
T,0.11,675,12000,5400
F,0.31,636,1000,450
T,0.08,776,4000,1800
F,0.01,661,17000,7650
F,0.02,616,12000,5400
T,0.12,750,12000,5400
F,0.3,642,12000,5400
T,0.21,682,12000,5400
F,0.01,612,26000,11700
T,0.2,675,15000,6750
T,0.17,659,10000,4500
F,0.24,670,3000,1350
F,0.32,668,7000,3150
F,0.22,657,19000,8550
F,0.16,558,500,225
F,0.13,656,10000,4500
T,0.08,698,19000,8550
F,0.05,596,38000,17100
T,0.14,667,19000,8550
F,0.05,532,22000,9900
F,0.16,709,27000,12150
T,0.13,672,8000,3600
T,0.06,728,24000,10800
T,0,704,4000,1800
F,0.12,537,30000,13500
T,0.01,705,7000,3150
T,0.25,741,27000,12150
T,0.15,710,6000,2700
T,0.25,684,9000,4050
F,0.06,687,17000,7650
T,0.28,718,1000,450
F,0.26,658,14000,6300
T,0.09,679,12000,5400
F,0.21,584,2000,900
F,0.09,551,19000,8550
F,0.24,702,24000,10800
T,0.09,697,13000,5850
F,0.09,592,34000,15300
T,0.24,757,11000,4950
T,0.23,769,31000,13950
T,0.15,764,11000,4950
F,0.02,469,22000,9900
F,0.31,637,9000,4050
F,0.5,603,2000,900
F,0.34,678,17000,7650
F,0.02,644,10000,4500
F,0.33,601,21000,9450
T,0.08,672,10000,4500
F,0.66,724,18000,8100
T,0.05,679,17000,7650
T,0.13,673,6000,2700
F,0.07,528,36000,16200
F,0.16,703,30000,13500
T,0.22,724,19000,8550
F,0.1,637,8000,3600
T,0.2,665,21000,9450
F,0.27,492,4000,1800
F,0.26,683,32000,14400
T,0.18,658,7000,3150
T,0.16,714,12000,5400
F,0.3,696,26000,11700
F,0.01,666,31000,13950
T,0.17,688,16000,7200
T,0.32,736,17000,7650
T,0.13,682,13000,5850
F,0.74,707,15000,6750
F,0.76,625,1000,450
T,0.27,693,10000,4500
T,0.06,741,5000,2250
F,0.13,671,19000,8550
T,0.07,708,26000,11700
T,0.06,745,16000,7200
F,0.04,649,7000,3150
T,0.2,714,17000,7650
T,0.11,660,2000,900
T,0.14,678,2000,900
F,0.37,670,7000,3150
T,0.12,725,6000,2700
F,0.25,663,25000,11250
F,0.2,655,10000,4500
F,0.12,687,4000,1800
F,0.13,732,9000,4050
T,0.14,765,3000,1350
F,0.51,698,12000,5400
T,0.1,669,1000,450
F,0.37,507,3000,1350
F,0.29,704,3000,1350
F,0.09,679,32000,14400
T,0.03,665,4000,1800
F,0.27,695,20000,9000
T,0.07,775,19000,8550
T,0.16,713,5000,2250
T,0.16,699,11000,4950
F,0.11,644,14000,6300
T,0.14,687,11000,4950
F,0.28,659,30000,13500
T,0.17,691,15000,6750
T,0.05,681,4000,1800
T,0.16,684,11000,4950
F,0.11,692,9000,4050
T,0.13,700,7000,3150
T,0.29,704,10000,4500
T,0.04,782,22000,9900
F,0.2,463,5000,2250
F,0.3,623,11000,4950
T,0.11,725,8000,3600
T,0.02,768,11000,4950
T,0.13,722,7000,3150
F,0.19,655,20000,9000
T,0.13,672,500,225
T,0.09,704,11000,4950
F,0.14,582,4000,1800
F,0.31,597,4000,1800
T,0.01,676,5000,2250
T,0.25,665,11000,4950
T,0.13,709,11000,4950
T,0.11,706,13000,5850
F,0.18,617,3000,1350
T,0.15,705,1000,450
F,0.18,538,31000,13950
F,0.29,706,21000,9450
T,0.03,712,8000,3600
T,0.11,755,13000,5850
T,0.13,729,18000,8100
T,0.13,709,17000,7650
F,0.1,729,29000,13050
F,0.17,608,7000,3150
F,0.03,656,13000,5850
F,0.29,730,3000,1350
F,0.45,484,14000,6300
F,0.35,619,17000,7650
T,0.07,796,12000,5400
F,0.11,645,32000,14400
F,0.24,683,15000,6750
T,0.22,677,16000,7200
F,0.2,628,4000,1800
F,0.04,748,2000,900
T,0.07,761,28000,12600
F,0.23,656,20000,9000
T,0.13,671,8000,3600
F,0.11,602,9000,4050
F,0.09,739,11000,4950
T,0.09,697,27000,12150
T,0.28,732,9000,4050
F,0.28,501,5000,2250
T,0.13,808,6000,2700
T,0.15,688,9000,4050
F,0.06,678,17000,7650
F,0.04,729,25000,11250
T,0.01,691,7000,3150
F,0.21,744,9000,4050
F,0.38,670,35000,15750
T,0.16,663,18000,8100
F,0.51,584,13000,5850
T,0.2,761,21000,9450
F,0.19,700,12000,5400
F,0.27,733,10000,4500
F,0.28,649,32000,14400
F,0.24,633,17000,7650
F,0.2,735,7000,3150
T,0.05,721,8000,3600
T,0.21,686,5000,2250
F,0.25,670,30000,13500
T,0.2,670,20000,9000
F,0.12,622,18000,8100
T,0.3,691,23000,10350
F,0.03,438,4000,1800
T,0.09,778,3000,1350
T,0.26,712,4000,1800
T,0.17,712,26000,11700
T,0.06,686,500,225
F,0.3,725,35000,15750
F,0.02,592,1000,450
T,0.15,684,2000,900
F,0.35,476,5000,2250
F,0.13,688,7000,3150
T,0.09,663,27000,12150
T,0.09,692,9000,4050
F,0.1,657,18000,8100
F,0.29,628,15000,6750
T,0.3,693,17000,7650
T,0,767,23000,10350
T,0.17,746,9000,4050
T,0,748,28000,12600
T,0.13,673,2000,900
T,0.21,717,7000,3150
T,0.05,716,19000,8550
T,0.03,756,13000,5850
T,0.09,707,21000,9450
T,0.07,688,12000,5400
F,0.27,688,28000,12600
F,0.25,457,26000,11700
F,0.29,692,22000,9900
T,0,668,14000,6300
T,0.08,715,18000,8100
F,0.11,626,36000,16200
T,0.11,708,16000,7200
F,0.07,657,23000,10350
T,0.08,669,38000,17100
F,0.13,438,1000,450
F,0.02,509,35000,15750
F,0.15,551,8000,3600
F,0.17,747,26000,11700
T,0.1,812,2000,900
T,0.19,768,25000,11250
F,0,639,12000,5400
F,0.08,613,3000,1350
T,0.25,713,7000,3150
F,0.03,644,18000,8100
F,0.02,468,15000,6750
F,0.32,673,36000,16200
T,0.2,739,15000,6750
F,0.18,666,11000,4950
T,0.16,721,16000,7200
F,0.16,666,33000,14850
T,0.22,667,13000,5850
T,0.11,754,13000,5850
T,0.15,761,5000,2250
T,0,684,25000,11250
F,0.32,684,26000,11700
T,0.1,673,33000,14850
T,0.12,680,15000,6750
F,0.16,751,31000,13950
T,0.24,664,5000,2250
F,0.11,609,32000,14400
T,0.21,741,17000,7650
F,0.24,624,16000,7200
F,0.83,578,7000,3150
T,0.21,715,15000,6750
F,0.04,641,4000,1800
T,0.15,701,12000,5400
T,0.1,707,13000,5850
F,0.02,452,23000,10350
F,0.22,742,30000,13500
F,0.02,644,7000,3150
F,0.19,608,6000,2700
T,0.17,723,28000,12600
T,0.13,732,24000,10800
F,0.48,673,5000,2250
T,0.09,682,8000,3600
F,0.51,592,36000,16200
T,0.05,738,6000,2700
F,0.14,617,3000,1350
T,0.06,667,17000,7650
T,0.07,726,1000,450
T,0.19,667,11000,4950
T,0.21,755,12000,5400
T,0.2,670,16000,7200
F,0.4,697,10000,4500
T,0.16,674,14000,6300
T,0.13,692,20000,9000
T,0.19,681,4000,1800
T,0.06,721,16000,7200
F,0.06,601,17000,7650
T,0.19,674,8000,3600
T,0.09,729,9000,4050
T,0.05,741,5000,2250
T,0.02,701,2000,900
F,0.1,798,12000,5400
F,0.2,636,36000,16200
F,0.13,540,13000,5850
T,0.14,699,10000,4500
F,0.5,509,2000,900
T,0.09,723,27000,12150
T,0.08,782,9000,4050
F,0.19,713,9000,4050
F,0.37,685,5000,2250
T,0.03,779,35000,15750
F,0.05,505,5000,2250
F,0.31,457,14000,6300
T,0.14,682,11000,4950
T,0.17,687,18000,8100
T,0.11,692,8000,3600
F,0.11,633,4000,1800
F,0.38,651,36000,16200
F,0.12,645,12000,5400
T,0.25,690,26000,11700
T,0.07,803,7000,3150
T,0.12,728,7000,3150
T,0.13,688,13000,5850
T,0.12,736,22000,9900
T,0.17,675,19000,8550
F,0.3,656,19000,8550
T,0.22,718,8000,3600
T,0.15,694,10000,4500
F,0.86,631,38000,17100
T,0.21,699,8000,3600
T,0.25,736,24000,10800
T,0.23,684,17000,7650
T,0.14,703,27000,12150
T,0.13,711,9000,4050
F,0.93,722,22000,9900
F,0.35,667,6000,2700
T,0.27,703,18000,8100
F,0.06,627,14000,6300
F,0.39,691,35000,15750
T,0.03,681,13000,5850
F,0.14,701,30000,13500
T,0.32,685,21000,9450
F,0.2,740,4000,1800
T,0.27,712,24000,10800
F,0.23,610,8000,3600
T,0.11,702,4000,1800
T,0.1,753,25000,11250
T,0.03,718,6000,2700
F,0.52,741,31000,13950
T,0.09,725,13000,5850
F,0.14,601,3000,1350
F,0.27,656,15000,6750
F,0.14,665,37000,16650
F,0.28,687,6000,2700
F,0.47,582,7000,3150
T,0.21,675,17000,7650
F,0.24,687,11000,4950
F,0.45,689,23000,10350
T,0.01,795,19000,8550
T,0.21,731,17000,7650
T,0.12,672,5000,2250
F,0.29,746,23000,10350
F,0.83,579,4000,1800
F,0.11,600,4000,1800
T,0.14,681,2000,900
T,0.14,713,4000,1800
T,0.16,691,6000,2700
F,0.07,711,12000,5400
T,0.12,695,4000,1800
F,0.11,729,500,225
T,0.28,750,10000,4500
T,0.08,673,19000,8550
T,0.2,719,1000,450
T,0.11,747,11000,4950
T,0.06,707,25000,11250
T,0.11,678,21000,9450
T,0.22,727,5000,2250
F,0.04,600,19000,8550
F,0.14,638,9000,4050
T,0,720,4000,1800
T,0.15,687,28000,12600
F,0.47,546,13000,5850
F,0.22,563,7000,3150
F,0.24,729,13000,5850
T,0.23,697,9000,4050
F,0.44,694,12000,5400
T,0.13,716,17000,7650
T,0.11,720,2000,900
T,0.17,718,11000,4950
T,0.22,707,18000,8100
T,0.23,702,12000,5400
F,0.15,661,16000,7200
F,0.18,458,500,225
F,0.04,672,2000,900
F,0.1,682,11000,4950
F,0.12,812,9000,4050
T,0.13,759,2000,900
F,0.88,677,3000,1350
F,0.87,726,9000,4050
T,0.09,735,4000,1800
F,0.11,677,14000,6300
T,0.25,679,5000,2250
T,0.25,778,40000,18000
F,0.05,555,7000,3150
F,0.41,684,8000,3600
F,0.09,467,6000,2700
T,0.13,762,39000,17550
F,0.31,678,4000,1800
F,0.16,623,21000,9450
T,0.1,710,8000,3600
F,0.08,569,2000,900
T,0.04,660,19000,8550
T,0.18,673,9000,4050
F,0.09,624,4000,1800
T,0.26,681,7000,3150
F,0.42,515,10000,4500
F,0.03,492,5000,2250
F,0.41,649,15000,6750
T,0.13,751,14000,6300
F,0.33,493,2000,900
T,0.09,710,34000,15300
T,0.17,710,10000,4500
F,0.46,636,6000,2700
F,0.21,673,19000,8550
T,0.15,674,13000,5850
F,0.09,677,10000,4500
T,0.18,687,15000,6750
T,0.15,670,25000,11250
T,0.25,728,4000,1800
F,0.2,660,10000,4500
T,0.18,704,22000,9900
F,0.61,683,16000,7200
F,0.08,487,4000,1800
F,0.1,633,22000,9900
F,0.75,679,5000,2250
F,0.15,688,38000,17100
F,0.13,661,7000,3150
T,0.17,688,4000,1800
F,0.18,618,23000,10350
T,0.01,700,34000,15300
F,0.05,645,8000,3600
T,0,687,500,225
T,0.03,774,4000,1800
F,0.06,618,17000,7650
T,0.25,671,20000,9000
T,0.17,725,25000,11250
T,0.05,689,19000,8550
F,0.36,604,4000,1800
T,0.11,728,11000,4950
T,0.01,675,8000,3600
T,0.17,689,6000,2700
F,0.12,459,2000,900
T,0.26,728,14000,6300
T,0.09,720,39000,17550
F,0.44,681,29000,13050
T,0.15,675,22000,9900
T,0.13,775,5000,2250
T,0.03,689,20000,9000
T,0.08,815,31000,13950
T,0.11,698,4000,1800
F,0.24,569,3000,1350
T,0.06,698,5000,2250
F,0.23,492,7000,3150
T,0.19,693,3000,1350
T,0.27,684,14000,6300
F,0.33,691,19000,8550
T,0.1,680,7000,3150
F,0.06,625,5000,2250
T,0.27,689,4000,1800
T,0.15,744,9000,4050
T,0.03,676,8000,3600
T,0.25,680,40000,18000
F,0.34,663,9000,4050
F,0.89,487,7000,3150
F,0.33,670,4000,1800
T,0.14,789,3000,1350
T,0.22,665,22000,9900
F,0.12,763,22000,9900
F,0.27,676,29000,13050
T,0.17,675,17000,7650
F,0.13,685,37000,16650
T,0.21,692,10000,4500
F,0.15,703,27000,12150
T,0.09,744,11000,4950
T,0.24,687,9000,4050
F,0.11,464,500,225
T,0.21,706,25000,11250
T,0.07,706,20000,9000
T,0.28,719,19000,8550
F,0.05,632,9000,4050
T,0.16,668,7000,3150
F,0.29,683,6000,2700
F,0.09,562,3000,1350
T,0.2,785,11000,4950
F,0.19,631,10000,4500
F,0.51,705,34000,15300
F,0.36,621,15000,6750
T,0.28,657,3000,1350
F,0.03,663,14000,6300
F,0.08,463,4000,1800
T,0.25,678,4000,1800
T,0.03,813,26000,11700
F,0.13,583,5000,2250
T,0.08,668,18000,8100
F,0.32,621,14000,6300
F,0.27,664,10000,4500
T,0.11,713,6000,2700
T,0.26,660,18000,8100
F,0.04,454,6000,2700
F,0.54,688,14000,6300
T,0.2,714,9000,4050
T,0,735,4000,1800
F,0.2,649,4000,1800
F,0.37,654,28000,12600
T,0.03,676,5000,2250
T,0.06,805,2000,900
F,0.23,613,26000,11700
T,0.18,684,12000,5400
T,0.18,674,500,225
F,0.23,650,3000,1350
F,0.11,430,2000,900
F,0.42,606,6000,2700
F,0.9,501,2000,900
T,0.23,701,23000,10350
F,0.01,496,13000,5850
T,0.04,728,5000,2250
T,0.3,689,28000,12600
F,0.06,474,30000,13500
T,0.05,737,5000,2250
T,0.28,765,11000,4950
F,0.18,677,8000,3600
F,0.22,620,10000,4500
F,0.12,515,1000,450
F,0.34,514,31000,13950
T,0.18,699,35000,15750
T,0.19,712,8000,3600
F,0.96,716,24000,10800
F,0.1,472,4000,1800
F,0.21,672,16000,7200
T,0.05,702,6000,2700
T,0.1,685,11000,4950
T,0.21,713,19000,8550
T,0.17,727,8000,3600
F,0.26,633,11000,4950
T,0.18,772,12000,5400
F,0.26,647,11000,4950
F,0.19,480,24000,10800
T,0.15,695,12000,5400
T,0.24,688,17000,7650
F,0.46,704,15000,6750
T,0.12,704,32000,14400
F,0.24,435,5000,2250
F,0.09,598,29000,13050
T,0.19,705,10000,4500
T,0.16,677,12000,5400
F,0.08,631,20000,9000
F,0.17,696,32000,14400
F,0.16,651,10000,4500
F,0.05,657,11000,4950
F,0.45,641,17000,7650
T,0.21,684,5000,2250
F,0.05,517,7000,3150
T,0.15,683,14000,6300
T,0.1,674,21000,9450
T,0.09,783,33000,14850
F,0.69,647,1000,450
T,0.3,671,8000,3600
T,0.17,692,3000,1350
T,0.07,722,3000,1350
F,0.36,728,23000,10350
T,0.12,667,3000,1350
F,0.1,616,33000,14850
F,0.05,598,500,225
F,0.24,653,26000,11700
F,0.14,649,6000,2700
F,0.3,719,35000,15750
T,0.17,661,11000,4950
F,0.34,698,16000,7200
T,0.13,708,10000,4500
F,0.12,597,5000,2250
F,0.28,712,11000,4950
T,0.27,750,12000,5400
T,0.3,719,36000,16200
F,0.13,657,6000,2700
T,0.1,685,1000,450
F,0.44,604,4000,1800
T,0.19,673,12000,5400
F,0.13,674,31000,13950
F,0.14,652,8000,3600
T,0.19,688,12000,5400
T,0.22,728,5000,2250
F,0.31,576,20000,9000
F,0.15,619,24000,10800
F,0.03,697,3000,1350
F,0.16,694,10000,4500
F,0.12,719,7000,3150
F,0.01,617,3000,1350
T,0.29,708,24000,10800
F,0.27,694,34000,15300
F,0.31,667,11000,4950
F,0.07,487,36000,16200
T,0.05,779,16000,7200
F,0.42,755,13000,5850
F,0.27,663,15000,6750
T,0.07,706,18000,8100
F,0.17,608,23000,10350
F,0.17,651,32000,14400
T,0.13,682,35000,15750
T,0.2,667,2000,900
T,0.19,712,11000,4950
F,0.16,674,23000,10350
T,0.23,675,2000,900
T,0.15,670,12000,5400
T,0.17,711,10000,4500
T,0.08,684,16000,7200
F,0.17,586,19000,8550
F,0.19,666,34000,15300
F,0.19,740,5000,2250
T,0.17,689,17000,7650
T,0.18,676,18000,8100
T,0.16,727,12000,5400
T,0.09,736,16000,7200
F,0.27,745,24000,10800
T,0.14,735,3000,1350
F,0.07,729,17000,7650
T,0.22,671,10000,4500
T,0.03,722,9000,4050
F,0.1,731,23000,10350
T,0.07,771,5000,2250
T,0.12,704,13000,5850
F,0.58,662,3000,1350
F,0.25,747,24000,10800
F,0.21,594,7000,3150
T,0.24,721,18000,8100
T,0.13,681,13000,5850
F,0.15,517,2000,900
T,0.09,668,16000,7200
F,0.06,655,10000,4500
F,0.03,536,5000,2250
T,0.09,681,13000,5850
F,0.43,690,15000,6750
F,0.31,723,27000,12150
T,0.15,698,12000,5400
T,0.16,702,6000,2700
T,0.13,770,21000,9450
F,0.32,716,4000,1800
T,0.12,734,27000,12150
T,0.1,705,1000,450
F,0.27,690,13000,5850
F,0.17,623,28000,12600
F,0.34,694,34000,15300
F,0.15,669,14000,6300
T,0.13,740,13000,5850
T,0.2,682,21000,9450
F,0.05,703,11000,4950
F,0.02,496,4000,1800
F,0.05,523,35000,15750
F,0.02,683,5000,2250
F,0.73,669,4000,1800
F,0.08,762,5000,2250
T,0.15,681,1000,450
F,0.26,619,500,225
T,0.17,757,3000,1350
F,0.1,497,8000,3600
T,0.17,743,22000,9900
F,0.36,690,12000,5400
F,0.32,657,15000,6750
T,0.22,707,11000,4950
F,0.23,575,5000,2250
T,0.33,678,9000,4050
T,0.15,770,22000,9900
F,0.66,668,9000,4050
F,0.26,530,32000,14400
F,0.02,528,10000,4500
T,0.13,671,20000,9000
F,0.41,695,14000,6300
T,0.3,710,21000,9450
T,0.32,728,11000,4950
T,0.19,713,7000,3150
T,0.17,670,8000,3600
F,0.08,726,17000,7650
T,0.13,710,4000,1800
T,0.22,723,13000,5850
F,0.19,740,27000,12150
F,0.26,610,16000,7200
F,0.2,719,19000,8550
F,0.16,629,5000,2250
F,0.34,659,36000,16200
T,0.21,762,8000,3600
T,0.2,705,9000,4050
F,0.38,668,35000,15750
F,0.14,705,29000,13050
T,0.2,720,13000,5850
T,0.04,689,5000,2250
F,0.46,641,17000,7650
F,0.27,619,30000,13500
T,0.07,684,10000,4500
F,0.18,689,11000,4950
T,0.06,776,2000,900
F,0.03,541,36000,16200
F,0.27,753,16000,7200
T,0.17,728,13000,5850
F,0.1,654,2000,900
T,0.02,703,5000,2250
F,0.04,670,11000,4950
T,0.11,688,8000,3600
T,0.13,704,8000,3600
T,0.04,709,18000,8100
F,0.41,476,1000,450
F,0.13,712,32000,14400
T,0.08,752,5000,2250
F,0.08,565,2000,900
T,0.25,692,17000,7650
T,0.09,745,24000,10800
T,0.08,762,10000,4500
F,0.18,709,27000,12150
F,0.12,678,34000,15300
F,0.15,599,26000,11700
T,0.16,683,18000,8100
T,0.16,696,6000,2700
F,0.21,570,6000,2700
T,0.16,652,24000,10800
T,0.18,728,8000,3600
T,0.22,677,7000,3150
F,0.47,579,2000,900
T,0.12,645,7000,3150
T,0.15,728,18000,8100
T,0.29,670,13000,5850
F,0.05,556,4000,1800
T,0.01,693,5000,2250
F,0.01,782,4000,1800
F,0.24,693,23000,10350
T,0.17,698,17000,7650
F,0.02,628,2000,900
T,0.23,697,12000,5400
T,0.1,695,9000,4050
F,0.05,703,26000,11700
T,0.13,687,33000,14850
F,0.2,640,36000,16200
F,0.46,498,25000,11250
F,0.03,660,12000,5400
T,0.1,696,15000,6750
T,0.13,805,19000,8550
T,0.11,714,5000,2250
T,0.21,686,13000,5850
F,0.15,650,17000,7650
F,0.02,693,13000,5850
T,0.25,676,18000,8100
T,0.04,785,5000,2250
F,0.14,630,3000,1350
F,0.06,682,16000,7200
F,0.34,714,14000,6300
T,0.21,749,9000,4050
F,0.15,661,4000,1800
F,0.08,670,5000,2250
F,0.27,685,9000,4050
T,0.26,716,18000,8100
T,0.02,811,9000,4050
F,0.45,738,5000,2250
T,0.02,679,11000,4950
F,0.21,644,11000,4950
T,0.17,678,9000,4050
T,0.33,662,5000,2250
F,0.08,667,13000,5850
T,0.1,720,18000,8100
T,0.17,693,8000,3600
T,0.24,677,14000,6300
F,0.22,637,7000,3150
F,0.47,710,28000,12600
T,0.21,677,10000,4500
T,0.13,685,7000,3150
T,0.02,695,6000,2700
T,0.18,718,14000,6300
F,0.05,422,31000,13950
F,0,679,6000,2700
T,0.1,686,14000,6300
F,0.27,508,26000,11700
T,0.17,730,8000,3600
F,0.49,685,9000,4050
T,0.08,718,10000,4500
F,0.07,643,11000,4950
F,0.12,685,9000,4050
F,0.32,695,7000,3150
F,0.02,565,9000,4050
T,0.17,709,8000,3600
T,0.13,690,31000,13950
T,0.22,725,14000,6300
T,0.06,695,7000,3150
T,0.1,706,21000,9450
F,0.2,615,5000,2250
F,0.33,621,5000,2250
F,0.15,529,5000,2250
T,0.12,729,1000,450
F,0.45,528,7000,3150
F,0.03,550,21000,9450
F,0.23,561,3000,1350
F,0.35,703,14000,6300
F,0.05,501,36000,16200
F,0.13,589,4000,1800
T,0.17,750,13000,5850
T,0.1,733,4000,1800
F,0.03,725,6000,2700
F,0.68,691,15000,6750
F,0.03,617,4000,1800
T,0.16,671,19000,8550
T,0.06,725,33000,14850
T,0.17,732,3000,1350
T,0.31,733,10000,4500
F,0.18,566,12000,5400
F,0.02,798,21000,9450
T,0.15,748,4000,1800
F,0.27,675,24000,10800
F,0.15,609,4000,1800
F,0.12,563,14000,6300
T,0.02,777,7000,3150
T,0.21,698,22000,9900
T,0.17,706,24000,10800
F,0.05,519,3000,1350
T,0.26,737,27000,12150
F,0.3,619,10000,4500
F,0.33,591,13000,5850
T,0.14,692,4000,1800
F,0.46,707,11000,4950
F,0.63,694,16000,7200
F,0.5,640,6000,2700
F,0.33,664,25000,11250
F,0.12,474,1000,450
T,0.12,703,10000,4500
F,0.07,574,9000,4050
T,0.02,690,12000,5400
T,0.2,687,4000,1800
F,0.09,599,5000,2250
F,0.08,633,7000,3150
T,0.03,719,19000,8550
F,0,712,3000,1350
F,0.31,569,2000,900
T,0.15,702,13000,5850
T,0.15,671,24000,10800
F,0.42,690,16000,7200
F,0.07,636,14000,6300
F,0.3,720,6000,2700
T,0.18,697,11000,4950
T,0.17,735,25000,11250
F,0.16,722,19000,8550
F,0.38,676,19000,8550
F,0.11,705,24000,10800
T,0.21,760,5000,2250
T,0.09,729,18000,8100
F,0.35,716,10000,4500
F,0.26,648,27000,12150
T,0.21,702,5000,2250
T,0.09,739,23000,10350
T,0.06,706,13000,5850
F,0.19,646,28000,12600
T,0.21,728,9000,4050
F,0.01,521,8000,3600
T,0.01,700,7000,3150
T,0.04,705,8000,3600
F,0.19,628,3000,1350
F,0.19,670,13000,5850
T,0.09,705,11000,4950
F,0.25,492,9000,4050
T,0.09,671,8000,3600
F,0.26,611,4000,1800
F,0.03,621,2000,900
T,0.19,671,7000,3150
F,0.12,649,25000,11250
T,0.17,696,19000,8550
F,0.08,436,13000,5850
T,0.25,798,4000,1800
T,0.02,798,7000,3150
T,0.16,699,3000,1350
T,0.09,807,9000,4050
F,0.57,490,500,225
F,0.49,655,31000,13950
F,0.18,737,18000,8100
F,0.21,704,38000,17100
T,0.08,719,11000,4950
F,0.13,646,24000,10800
F,0.25,696,22000,9900
F,0.3,547,5000,2250
F,0.1,646,16000,7200
T,0.01,743,13000,5850
F,0.09,490,5000,2250
T,0.18,734,9000,4050
T,0.04,730,4000,1800
T,0.06,752,12000,5400
F,0.39,500,3000,1350
T,0.19,727,17000,7650
F,0.1,728,3000,1350
T,0.05,814,3000,1350
F,0.34,688,31000,13950
T,0.21,707,1000,450
F,0.18,591,33000,14850
T,0.31,690,7000,3150
F,0.44,703,24000,10800
T,0.09,708,1000,450
F,0.08,709,6000,2700
F,0.25,651,8000,3600
F,0.12,662,13000,5850
F,0.11,715,37000,16650
F,0.13,665,17000,7650
F,0.1,456,1000,450
T,0.09,678,18000,8100
T,0.18,764,22000,9900
F,0.25,727,25000,11250
F,0.05,522,1000,450
T,0.23,720,27000,12150
F,0.12,638,2000,900
F,0.32,575,8000,3600
T,0.01,794,37000,16650
F,0.24,643,19000,8550
T,0.19,655,11000,4950
T,0.07,711,17000,7650
T,0.28,719,21000,9450
T,0.15,687,18000,8100
T,0.21,686,1000,450
F,0.15,663,15000,6750
F,0.06,629,12000,5400
T,0.18,714,2000,900
F,0.17,583,25000,11250
F,0.42,671,11000,4950
F,0.27,444,11000,4950
F,0.07,619,8000,3600
T,0.02,674,7000,3150
F,0.38,642,5000,2250
T,0.36,685,34000,15300
F,0.07,502,6000,2700
F,0.07,596,35000,15750
T,0.22,673,11000,4950
T,0.2,696,25000,11250
F,0.08,692,14000,6300
T,0.11,689,24000,10800
F,0.03,756,6000,2700
T,0.2,727,15000,6750
T,0.13,712,6000,2700
T,0.14,766,5000,2250
T,0.36,680,5000,2250
F,0.16,602,14000,6300
T,0.17,665,7000,3150
T,0.02,703,5000,2250
T,0.23,679,13000,5850
F,0.39,690,15000,6750
F,0.25,736,10000,4500
F,0.74,512,8000,3600
T,0.14,671,10000,4500
F,0.82,583,4000,1800
T,0.03,682,7000,3150
T,0.11,703,5000,2250
F,0.21,596,4000,1800
T,0.02,750,37000,16650
T,0.17,719,17000,7650
F,0.25,626,16000,7200
T,0.14,741,21000,9450
F,0.01,737,19000,8550
T,0.18,750,9000,4050
F,0.31,655,21000,9450
T,0.04,683,4000,1800
T,0.1,707,14000,6300
T,0.23,689,12000,5400
T,0.22,690,10000,4500
F,0.21,632,17000,7650
F,0.18,550,7000,3150
T,0.12,720,10000,4500
F,0.34,672,28000,12600
F,0.06,666,2000,900
F,0.37,752,33000,14850
T,0.27,715,12000,5400
T,0.26,718,11000,4950
F,0.11,604,16000,7200
T,0.18,734,22000,9900
F,0.1,675,32000,14400
T,0.14,679,2000,900
T,0.15,688,6000,2700
F,0.03,807,23000,10350
F,0.03,525,7000,3150
F,0.33,702,10000,4500
F,0.27,628,35000,15750
T,0.08,671,5000,2250
T,0.14,674,17000,7650
T,0.01,716,7000,3150
T,0.21,727,16000,7200
F,0.11,624,4000,1800
F,0.51,613,29000,13050
T,0.1,685,11000,4950
T,0.22,714,8000,3600
F,0.26,652,7000,3150
F,0.01,535,28000,12600
F,0.14,621,24000,10800
T,0.08,731,4000,1800
F,0.27,692,20000,9000
T,0.24,694,18000,8100
T,0.22,700,10000,4500
T,0.06,698,10000,4500
F,0.73,646,15000,6750
T,0.16,660,8000,3600
T,0.03,682,14000,6300
F,0.39,700,14000,6300
F,0.07,657,18000,8100
T,0.08,771,14000,6300
T,0.27,682,8000,3600
T,0.12,691,30000,13500
F,0.31,640,2000,900
F,0.45,621,15000,6750
F,0.37,419,14000,6300
T,0.07,757,12000,5400
T,0.06,701,5000,2250
F,0.05,714,5000,2250
T,0.16,702,6000,2700
T,0.06,657,8000,3600
T,0.12,678,18000,8100
F,0.14,685,9000,4050
F,0.01,761,36000,16200
F,0.05,628,39000,17550
T,0.11,734,19000,8550
T,0.2,748,26000,11700
F,0.14,475,14000,6300
T,0.15,719,31000,13950
T,0.08,800,4000,1800
T,0.17,700,16000,7200
T,0.12,690,17000,7650
F,0.23,627,1000,450
F,0.33,668,33000,14850
F,0.19,639,6000,2700
T,0.11,764,36000,16200
F,0.39,757,2000,900
T,0.23,712,22000,9900
T,0.2,653,19000,8550
F,0.36,705,8000,3600
F,0,700,21000,9450
F,0.1,596,11000,4950
T,0.12,656,32000,14400
T,0.15,667,5000,2250
T,0.04,718,11000,4950
F,0.18,654,13000,5850
T,0.05,695,8000,3600
T,0.11,692,7000,3150
T,0.08,701,24000,10800
T,0.21,694,12000,5400
T,0.21,716,13000,5850
T,0.34,686,10000,4500
T,0.21,678,14000,6300
T,0.11,695,6000,2700
F,0.09,640,3000,1350
T,0.07,791,17000,7650
T,0.01,784,14000,6300
F,0.08,551,24000,10800
T,0.2,684,13000,5850
F,0.22,704,10000,4500
F,0.29,647,33000,14850
F,0.09,517,13000,5850
F,0.15,644,14000,6300
F,0.2,569,14000,6300
F,0.38,732,33000,14850
T,0.16,655,10000,4500
F,0.21,587,11000,4950
F,0.09,634,15000,6750
F,0.18,600,37000,16650
T,0.29,700,14000,6300
T,0.04,695,19000,8550
F,0.19,619,16000,7200
T,0.2,739,35000,15750
F,0.29,699,17000,7650
T,0.2,721,10000,4500
F,0.22,728,28000,12600
T,0.19,735,8000,3600
F,0.2,712,8000,3600
F,0.59,660,5000,2250
F,0.77,702,26000,11700
F,0.64,669,11000,4950
F,0.13,717,1000,450
F,0.1,708,10000,4500
F,0.12,580,13000,5850
F,0.34,668,21000,9450
F,0.08,618,16000,7200
T,0.17,719,11000,4950
T,0.04,745,22000,9900
T,0.1,671,1000,450
T,0.19,682,4000,1800
T,0.03,687,20000,9000
T,0.2,723,10000,4500
T,0.07,807,39000,17550
T,0.24,675,3000,1350
F,0.12,690,11000,4950
F,0.17,663,7000,3150
F,0.07,550,6000,2700
T,0.03,675,4000,1800
F,0.04,662,39000,17550
F,0.08,655,28000,12600
T,0.14,679,17000,7650
F,0.07,569,8000,3600
F,0.16,650,35000,15750
F,0.2,598,3000,1350
F,0.07,654,14000,6300
T,0.12,710,11000,4950
T,0.22,666,5000,2250
F,0.09,677,2000,900
T,0.05,715,20000,9000
T,0.22,710,16000,7200
F,0.34,627,14000,6300
F,0.05,623,24000,10800
T,0.13,713,12000,5400
T,0.19,797,16000,7200
T,0.18,710,4000,1800
T,0.22,684,21000,9450
F,0.39,706,32000,14400
T,0.23,715,33000,14850
T,0.09,767,5000,2250
T,0.31,693,11000,4950
F,0.25,633,3000,1350
F,0.18,579,7000,3150
F,0.06,593,22000,9900
F,0.32,456,12000,5400
F,0.3,636,12000,5400
F,0.29,638,1000,450
F,0.19,662,25000,11250
F,0.13,533,3000,1350
F,0.02,596,2000,900
T,0.25,763,8000,3600
T,0.18,729,26000,11700
F,0.12,586,8000,3600
F,0.42,643,20000,9000
F,0.38,447,13000,5850
T,0.3,680,31000,13950
F,0.31,697,20000,9000
T,0.17,764,10000,4500
F,0.38,728,34000,15300
F,0.16,609,2000,900
T,0.13,737,22000,9900
T,0.21,714,10000,4500
F,0.25,649,10000,4500
F,0.23,503,3000,1350
F,0.51,758,8000,3600
F,0.21,705,19000,8550
T,0.18,706,4000,1800
F,0.29,686,16000,7200
F,0.64,696,28000,12600
F,0.32,674,25000,11250
T,0.15,698,10000,4500
T,0.23,674,11000,4950
F,0.11,664,4000,1800
F,0.29,730,19000,8550
F,0.24,685,21000,9450
T,0.13,685,13000,5850
F,0.3,641,22000,9900
T,0.17,717,4000,1800
T,0.16,734,6000,2700
T,0.11,714,4000,1800
T,0.09,717,500,225
F,0.35,594,8000,3600
T,0.13,687,4000,1800
T,0.12,709,13000,5850
F,0.09,505,5000,2250
T,0.07,681,7000,3150
T,0.25,710,12000,5400
T,0.29,740,8000,3600
F,0.15,622,12000,5400
F,0.13,523,5000,2250
T,0.06,777,7000,3150
T,0.05,702,4000,1800
F,0.27,792,11000,4950
F,0.02,606,500,225
F,0.46,616,38000,17100
F,0.11,571,16000,7200
T,0.08,745,2000,900
F,0.34,698,8000,3600
T,0.11,679,12000,5400
F,0.26,593,12000,5400
T,0.25,723,4000,1800
F,0.21,651,9000,4050
F,0.19,635,7000,3150
F,0.32,606,7000,3150
T,0.22,682,19000,8550
T,0.11,668,2000,900
F,0.09,775,15000,6750
T,0,770,29000,13050
F,0.13,546,13000,5850
F,0.01,473,3000,1350
F,0.49,707,23000,10350
T,0.17,702,8000,3600
T,0.19,762,3000,1350
F,0.35,667,4000,1800
T,0.1,651,7000,3150
T,0.21,713,12000,5400
T,0.18,677,5000,2250
T,0.12,689,10000,4500
T,0.06,764,5000,2250
F,0.17,476,23000,10350
T,0.1,701,10000,4500
F,0.16,654,35000,15750
T,0.19,702,6000,2700
F,0.18,582,13000,5850
T,0.14,742,13000,5850
F,0.12,629,19000,8550
F,0.1,602,9000,4050
F,0.28,580,3000,1350
F,0.1,658,13000,5850
T,0.22,695,7000,3150
F,0.1,614,5000,2250
F,0.32,717,14000,6300
F,0.09,648,25000,11250
F,0.37,519,6000,2700
F,0.12,711,5000,2250
T,0.25,718,12000,5400
T,0.15,745,13000,5850
T,0.09,677,10000,4500
F,0.33,725,18000,8100
T,0.11,683,8000,3600
F,0.24,621,12000,5400
T,0.24,735,2000,900
F,0.45,671,30000,13500
T,0.19,681,10000,4500
F,0.36,714,32000,14400
F,0.25,476,500,225
T,0.19,685,13000,5850
T,0.12,753,12000,5400
F,0.01,595,1000,450
T,0.13,697,17000,7650
T,0.11,701,9000,4050
F,0.4,610,7000,3150
F,0.27,552,4000,1800
T,0.04,687,9000,4050
F,0.07,642,9000,4050
T,0.05,788,24000,10800
T,0.07,672,13000,5850
T,0.13,683,25000,11250
F,0.03,763,16000,7200
F,0.56,739,29000,13050
T,0.19,698,22000,9900
F,0.15,700,13000,5850
T,0.06,708,19000,8550
T,0.04,705,11000,4950
F,0.09,659,4000,1800
T,0.07,781,21000,9450
F,0.5,642,2000,900
F,0.05,597,16000,7200
F,0.32,622,10000,4500
T,0.2,719,31000,13950
F,0.32,669,4000,1800
T,0.26,683,15000,6750
F,0.34,656,3000,1350
T,0.11,657,13000,5850
T,0.3,722,17000,7650
F,0.27,672,32000,14400
F,0.06,623,4000,1800
T,0.13,679,6000,2700
F,0.19,493,15000,6750
T,0.25,732,17000,7650
T,0.11,731,16000,7200
F,0.34,660,7000,3150
F,0.28,752,18000,8100
F,0.05,718,9000,4050
F,0.02,666,11000,4950
F,0.26,652,11000,4950
F,0.13,627,6000,2700
F,0.09,622,21000,9450
T,0.15,696,11000,4950
F,0.21,484,5000,2250
F,0.01,641,14000,6300
F,0.13,717,12000,5400
F,0,679,8000,3600
F,0.05,735,7000,3150
F,0.1,650,13000,5850
T,0.15,703,34000,15300
F,0.33,679,28000,12600
T,0.25,722,17000,7650
F,0.23,635,27000,12150
F,0.34,690,11000,4950
F,0.13,667,11000,4950
F,0.02,711,15000,6750
F,0.05,416,8000,3600
T,0.21,674,1000,450
T,0.04,795,16000,7200
F,0.01,629,7000,3150
T,0.19,668,15000,6750
F,0.18,705,18000,8100
T,0.11,698,15000,6750
F,0.22,607,1000,450
F,0.12,698,15000,6750
T,0.11,641,10000,4500
F,0.14,493,18000,8100
F,0.12,694,500,225
F,0.23,651,3000,1350
T,0.01,664,5000,2250
F,0.01,559,33000,14850
F,0.01,744,6000,2700
T,0.12,694,6000,2700
T,0.16,799,17000,7650
T,0.06,720,10000,4500
T,0.28,695,22000,9900
T,0.11,708,17000,7650
T,0.13,719,11000,4950
T,0.11,667,9000,4050
F,0.21,616,37000,16650
T,0.1,688,4000,1800
F,0.09,616,8000,3600
F,0.06,559,3000,1350
T,0.07,666,34000,15300
F,0.45,671,19000,8550
T,0.17,726,4000,1800
T,0.13,775,3000,1350
F,0.22,685,17000,7650
F,0.14,630,4000,1800
T,0.16,744,9000,4050
T,0.09,704,9000,4050
T,0.1,760,6000,2700
T,0.32,718,20000,9000
F,0.4,664,5000,2250
T,0.08,722,12000,5400
T,0.06,812,9000,4050
F,0.49,649,4000,1800
F,0.2,673,3000,1350
T,0.24,760,8000,3600
F,0.32,716,8000,3600
T,0.07,679,5000,2250
T,0.09,673,12000,5400
T,0.15,709,17000,7650
T,0.18,742,22000,9900
T,0.12,710,8000,3600
F,0.16,706,16000,7200
T,0.17,684,5000,2250
T,0.1,739,14000,6300
F,0.14,679,35000,15750
F,0.46,681,10000,4500
F,0.32,476,9000,4050
T,0.22,697,25000,11250
F,0.06,516,7000,3150
F,0.25,651,21000,9450
F,0.46,663,33000,14850
F,0.17,450,14000,6300
F,0.4,668,10000,4500
F,0.03,724,21000,9450
F,0.77,704,12000,5400
F,0.09,597,5000,2250
T,0.13,832,8000,3600
F,0.1,603,2000,900
T,0.1,793,9000,4050
F,0.82,566,7000,3150
F,0.26,664,22000,9900
F,0.16,539,3000,1350
T,0.18,677,500,225
T,0.13,689,7000,3150
T,0.05,709,10000,4500
F,0.37,755,37000,16650
T,0.08,733,7000,3150
F,0.51,651,13000,5850
F,0.4,572,35000,15750
F,0.13,527,11000,4950
F,0.14,546,7000,3150
T,0.33,664,14000,6300
F,0.22,713,17000,7650
F,0.26,561,5000,2250
F,0.34,705,16000,7200
F,0.12,612,2000,900
F,0.04,608,13000,5850
T,0.14,694,12000,5400
T,0.18,660,21000,9450
T,0.26,676,10000,4500
T,0.22,671,7000,3150
F,0.21,687,24000,10800
T,0.08,716,17000,7650
F,0.46,678,10000,4500
F,0.17,651,23000,10350
T,0.07,726,10000,4500
T,0.09,750,23000,10350
F,0.01,686,8000,3600
F,0.07,753,19000,8550
F,0.02,715,5000,2250
F,0.19,628,28000,12600
T,0.14,700,3000,1350
T,0.2,690,11000,4950
F,0,582,10000,4500
F,0.08,474,5000,2250
T,0.22,714,3000,1350
T,0.28,772,6000,2700
T,0.12,710,21000,9450
F,0.22,651,16000,7200
F,0.44,668,35000,15750
F,0.05,528,6000,2700
F,0.73,687,11000,4950
T,0.21,668,11000,4950
F,0.44,666,17000,7650
T,0.2,683,6000,2700
T,0.12,694,6000,2700
F,0.04,628,1000,450
T,0.17,723,12000,5400
T,0.16,687,5000,2250
T,0.07,759,3000,1350
T,0.06,725,12000,5400
T,0.14,669,10000,4500
T,0.27,741,14000,6300
F,0.24,575,2000,900
F,0.24,568,29000,13050
T,0.2,730,5000,2250
F,0.38,712,22000,9900
F,0.33,694,36000,16200
T,0.15,722,22000,9900
F,0.35,671,16000,7200
F,0.62,393,6000,2700
T,0.08,753,28000,12600
F,0.42,490,21000,9450
F,0.25,641,3000,1350
T,0.19,659,11000,4950
T,0.2,755,7000,3150
T,0.28,696,25000,11250
T,0.29,725,7000,3150
T,0.08,677,7000,3150
T,0.06,697,25000,11250
T,0.29,701,17000,7650
F,0.28,640,4000,1800
F,0.12,596,21000,9450
F,0.57,668,9000,4050
F,0.04,620,14000,6300
T,0.2,707,5000,2250
F,0.43,561,7000,3150
T,0.16,731,4000,1800
T,0.12,684,1000,450
F,0.44,631,11000,4950
T,0.17,708,19000,8550
T,0.22,690,10000,4500
F,0.37,672,25000,11250
T,0.26,681,9000,4050
T,0.2,702,14000,6300
T,0.12,699,27000,12150
T,0.15,689,25000,11250
T,0.22,747,6000,2700
F,0.13,632,10000,4500
F,0.57,688,28000,12600
F,0.01,434,5000,2250
F,0.31,734,19000,8550
F,0.09,421,3000,1350
F,0.2,773,12000,5400
T,0.25,736,25000,11250
T,0.06,683,10000,4500
T,0.18,680,8000,3600
F,0.05,509,38000,17100
T,0.23,667,16000,7200
T,0.08,671,9000,4050
T,0.09,661,10000,4500
F,0.03,677,21000,9450
T,0.15,689,5000,2250
F,0.3,601,4000,1800
T,0.2,689,25000,11250
T,0.04,713,14000,6300
F,0.77,674,27000,12150
T,0.07,679,8000,3600
F,0.29,727,6000,2700
F,0.2,650,4000,1800
F,0.24,672,18000,8100
T,0.19,695,13000,5850
F,0.17,526,11000,4950
T,0.22,729,5000,2250
F,0.04,627,8000,3600
F,0.07,643,11000,4950
F,0.16,544,1000,450
F,0.23,468,5000,2250
T,0.01,769,2000,900
F,0.32,633,9000,4050
T,0.19,758,20000,9000
F,0.16,685,28000,12600
F,0.29,680,33000,14850
T,0.13,760,8000,3600
T,0.23,690,7000,3150
T,0.13,769,21000,9450
T,0.2,777,11000,4950
F,0.25,684,19000,8550
T,0.29,667,19000,8550
F,0.18,664,28000,12600
T,0.16,725,15000,6750
F,0.1,542,500,225
F,0.22,650,10000,4500
T,0.22,669,14000,6300
T,0.08,742,10000,4500
T,0.11,798,6000,2700
T,0.21,688,6000,2700
T,0.21,774,12000,5400
F,0.27,673,9000,4050
T,0.15,743,6000,2700
T,0.11,702,18000,8100
F,0.26,714,33000,14850
F,0.11,548,12000,5400
F,0.96,518,18000,8100
F,0.44,607,4000,1800
F,0.72,717,9000,4050
T,0.08,691,7000,3150
F,0.68,636,18000,8100
F,0.09,655,2000,900
T,0.35,701,24000,10800
T,0.21,718,10000,4500
T,0.1,671,11000,4950
T,0.02,740,17000,7650
T,0.19,698,35000,15750
F,0.14,674,35000,15750
F,0.26,674,8000,3600
